[0m20:35:51.373107 [debug] [MainThread]: Sending event: {'category': 'dbt', 'action': 'invocation', 'label': 'start', 'context': [<snowplow_tracker.self_describing_json.SelfDescribingJson object at 0x7c1854320490>, <snowplow_tracker.self_describing_json.SelfDescribingJson object at 0x7c1854320310>, <snowplow_tracker.self_describing_json.SelfDescribingJson object at 0x7c1854322d10>]}


============================== 20:35:51.379210 | 007209c1-2977-4da2-9970-f0b6d3d45039 ==============================
[0m20:35:51.379210 [info ] [MainThread]: Running with dbt=1.11.10
[0m20:35:51.380010 [debug] [MainThread]: running dbt with arguments {'indirect_selection': 'eager', 'use_experimental_parser': 'False', 'log_path': '/app/northwind_transformations/logs', 'invocation_command': 'dbt debug --profiles-dir .', 'use_colors': 'True', 'target_path': 'None', 'fail_fast': 'False', 'write_json': 'True', 'warn_error_options': 'WarnErrorOptionsV2(error=[], warn=[], silence=[])', 'empty': 'None', 'quiet': 'False', 'no_print': 'None', 'profiles_dir': '.', 'log_cache_events': 'False', 'printer_width': '80', 'version_check': 'True', 'introspect': 'True', 'partial_parse': 'True', 'static_parser': 'True', 'warn_error': 'None', 'log_format': 'default', 'send_anonymous_usage_stats': 'True', 'cache_selected_only': 'False', 'debug': 'False'}
[0m20:35:51.398370 [info ] [MainThread]: dbt version: 1.11.10
[0m20:35:51.399156 [info ] [MainThread]: python version: 3.11.15
[0m20:35:51.399652 [info ] [MainThread]: python path: /usr/local/bin/python3.11
[0m20:35:51.400333 [info ] [MainThread]: os info: Linux-6.8.0-1044-azure-x86_64-with-glibc2.41
[0m20:35:51.475565 [info ] [MainThread]: Using profiles dir at .
[0m20:35:51.476242 [info ] [MainThread]: Using profiles.yml file at ./profiles.yml
[0m20:35:51.476656 [info ] [MainThread]: Using dbt_project.yml file at /app/northwind_transformations/dbt_project.yml
[0m20:35:51.693059 [info ] [MainThread]: Configuration:
[0m20:35:51.694217 [info ] [MainThread]:   profiles.yml file [[31mERROR invalid[0m]
[0m20:35:51.694932 [info ] [MainThread]:   dbt_project.yml file [[32mOK found and valid[0m]
[0m20:35:51.695749 [info ] [MainThread]: Required dependencies:
[0m20:35:51.696657 [debug] [MainThread]: Executing "git --help"
[0m20:35:51.761752 [debug] [MainThread]: STDOUT: "b"usage: git [-v | --version] [-h | --help] [-C <path>] [-c <name>=<value>]\n           [--exec-path[=<path>]] [--html-path] [--man-path] [--info-path]\n           [-p | --paginate | -P | --no-pager] [--no-replace-objects] [--no-lazy-fetch]\n           [--no-optional-locks] [--no-advice] [--bare] [--git-dir=<path>]\n           [--work-tree=<path>] [--namespace=<name>] [--config-env=<name>=<envvar>]\n           <command> [<args>]\n\nThese are common Git commands used in various situations:\n\nstart a working area (see also: git help tutorial)\n   clone     Clone a repository into a new directory\n   init      Create an empty Git repository or reinitialize an existing one\n\nwork on the current change (see also: git help everyday)\n   add       Add file contents to the index\n   mv        Move or rename a file, a directory, or a symlink\n   restore   Restore working tree files\n   rm        Remove files from the working tree and from the index\n\nexamine the history and state (see also: git help revisions)\n   bisect    Use binary search to find the commit that introduced a bug\n   diff      Show changes between commits, commit and working tree, etc\n   grep      Print lines matching a pattern\n   log       Show commit logs\n   show      Show various types of objects\n   status    Show the working tree status\n\ngrow, mark and tweak your common history\n   branch    List, create, or delete branches\n   commit    Record changes to the repository\n   merge     Join two or more development histories together\n   rebase    Reapply commits on top of another base tip\n   reset     Reset current HEAD to the specified state\n   switch    Switch branches\n   tag       Create, list, delete or verify a tag object signed with GPG\n\ncollaborate (see also: git help workflows)\n   fetch     Download objects and refs from another repository\n   pull      Fetch from and integrate with another repository or a local branch\n   push      Update remote refs along with associated objects\n\n'git help -a' and 'git help -g' list available subcommands and some\nconcept guides. See 'git help <command>' or 'git help <concept>'\nto read about a specific subcommand or concept.\nSee 'git help git' for an overview of the system.\n""
[0m20:35:51.762248 [debug] [MainThread]: STDERR: "b''"
[0m20:35:51.762501 [info ] [MainThread]:  - git [[32mOK found[0m]

[0m20:35:51.763333 [info ] [MainThread]: Connection test skipped since no profile was found
[0m20:35:51.763702 [info ] [MainThread]: [31m1 check failed:[0m
[0m20:35:51.764401 [info ] [MainThread]: Profile loading failed for the following reason:
Runtime Error
  Credentials in profile "northwind", target "dev" invalid: Runtime Error
        schema: default 
        database: northwind 
        cluster: None 
    On Clickhouse, database must be omitted or have the same value as schema.


[0m20:35:51.766301 [debug] [MainThread]: Resource report: {"command_name": "debug", "command_success": false, "command_wall_clock_time": 0.48715737, "process_in_blocks": "1656", "process_kernel_time": 0.311905, "process_mem_max_rss": "109252", "process_out_blocks": "24", "process_user_time": 2.572004}
[0m20:35:51.766779 [debug] [MainThread]: Command `dbt debug` failed at 20:35:51.766679 after 0.49 seconds
[0m20:35:51.767260 [debug] [MainThread]: Sending event: {'category': 'dbt', 'action': 'invocation', 'label': 'end', 'context': [<snowplow_tracker.self_describing_json.SelfDescribingJson object at 0x7c18543224d0>, <snowplow_tracker.self_describing_json.SelfDescribingJson object at 0x7c1854893910>, <snowplow_tracker.self_describing_json.SelfDescribingJson object at 0x7c1858dfca10>]}
[0m20:35:51.767671 [debug] [MainThread]: Flushing usage events
[0m20:35:51.911844 [debug] [MainThread]: An error was encountered while trying to flush usage events
[0m20:36:12.834432 [debug] [MainThread]: Sending event: {'category': 'dbt', 'action': 'invocation', 'label': 'start', 'context': [<snowplow_tracker.self_describing_json.SelfDescribingJson object at 0x7b6fa3e00490>, <snowplow_tracker.self_describing_json.SelfDescribingJson object at 0x7b6fa4d9ad90>, <snowplow_tracker.self_describing_json.SelfDescribingJson object at 0x7b6fa3e00050>]}


============================== 20:36:12.842682 | a253fcd9-f8db-47a0-a5c6-2af7c6ec7904 ==============================
[0m20:36:12.842682 [info ] [MainThread]: Running with dbt=1.11.10
[0m20:36:12.843673 [debug] [MainThread]: running dbt with arguments {'log_format': 'default', 'use_colors': 'True', 'target_path': 'None', 'introspect': 'True', 'log_path': '/app/northwind_transformations/logs', 'quiet': 'False', 'indirect_selection': 'eager', 'printer_width': '80', 'empty': 'False', 'log_cache_events': 'False', 'use_experimental_parser': 'False', 'profiles_dir': '.', 'send_anonymous_usage_stats': 'True', 'version_check': 'True', 'static_parser': 'True', 'warn_error': 'None', 'no_print': 'None', 'debug': 'False', 'write_json': 'True', 'warn_error_options': 'WarnErrorOptionsV2(error=[], warn=[], silence=[])', 'fail_fast': 'False', 'cache_selected_only': 'False', 'invocation_command': 'dbt run --profiles-dir .', 'partial_parse': 'True'}
[0m20:36:13.207453 [debug] [MainThread]: Sending event: {'category': 'dbt', 'action': 'project_id', 'label': 'a253fcd9-f8db-47a0-a5c6-2af7c6ec7904', 'context': [<snowplow_tracker.self_describing_json.SelfDescribingJson object at 0x7b6fa3c07dd0>]}
[0m20:36:13.291599 [debug] [MainThread]: Sending event: {'category': 'dbt', 'action': 'adapter_info', 'label': 'a253fcd9-f8db-47a0-a5c6-2af7c6ec7904', 'context': [<snowplow_tracker.self_describing_json.SelfDescribingJson object at 0x7b6fa44b8a50>]}
[0m20:36:13.292542 [info ] [MainThread]: Registered adapter: clickhouse=1.10.0
[0m20:36:13.680866 [debug] [MainThread]: checksum: 2f247960199844e016e6a527f21364251736722c6212f4b11e96849fe0fc9e96, vars: {}, profile: , target: , version: 1.11.10
[0m20:36:13.681910 [info ] [MainThread]: Unable to do partial parsing because saved manifest not found. Starting full parse.
[0m20:36:13.682413 [debug] [MainThread]: Sending event: {'category': 'dbt', 'action': 'partial_parser', 'label': 'a253fcd9-f8db-47a0-a5c6-2af7c6ec7904', 'context': [<snowplow_tracker.self_describing_json.SelfDescribingJson object at 0x7b6fa3a97ed0>]}
[0m20:36:16.008908 [debug] [MainThread]: Sending event: {'category': 'dbt', 'action': 'load_project', 'label': 'a253fcd9-f8db-47a0-a5c6-2af7c6ec7904', 'context': [<snowplow_tracker.self_describing_json.SelfDescribingJson object at 0x7b6fa5d46990>]}
[0m20:36:16.114302 [debug] [MainThread]: Wrote artifact WritableManifest to /app/northwind_transformations/target/manifest.json
[0m20:36:16.119957 [debug] [MainThread]: Wrote artifact SemanticManifest to /app/northwind_transformations/target/semantic_manifest.json
[0m20:36:16.145845 [debug] [MainThread]: Sending event: {'category': 'dbt', 'action': 'resource_counts', 'label': 'a253fcd9-f8db-47a0-a5c6-2af7c6ec7904', 'context': [<snowplow_tracker.self_describing_json.SelfDescribingJson object at 0x7b6fa369e950>]}
[0m20:36:16.146485 [info ] [MainThread]: Found 3 models, 523 macros
[0m20:36:16.149779 [debug] [MainThread]: Sending event: {'category': 'dbt', 'action': 'runnable_timing', 'label': 'a253fcd9-f8db-47a0-a5c6-2af7c6ec7904', 'context': [<snowplow_tracker.self_describing_json.SelfDescribingJson object at 0x7b6fa393ac10>]}
[0m20:36:16.158847 [info ] [MainThread]: 
[0m20:36:16.159901 [info ] [MainThread]: Concurrency: 1 threads (target='dev')
[0m20:36:16.160885 [info ] [MainThread]: 
[0m20:36:16.162383 [debug] [MainThread]: Acquiring new clickhouse connection 'master'
[0m20:36:16.182220 [debug] [ThreadPool]: Acquiring new clickhouse connection 'list_'
[0m20:36:16.199985 [debug] [ThreadPool]: Opening a new connection, currently in state init
[0m20:36:16.412376 [debug] [ThreadPool]: dbt_clickhouse adapter: On list_: /* {"app": "dbt", "dbt_version": "1.11.10", "profile_name": "northwind", "target_name": "dev", "connection_name": "list_"} */

    select name from system.databases
  ...
[0m20:36:16.416920 [debug] [ThreadPool]: dbt_clickhouse adapter: SQL status: OK in 0.00 seconds
[0m20:36:16.540333 [debug] [ThreadPool]: Re-using an available connection from the pool (formerly list_, now list__northwind)
[0m20:36:16.547537 [debug] [ThreadPool]: dbt_clickhouse adapter: On list__northwind: /* {"app": "dbt", "dbt_version": "1.11.10", "profile_name": "northwind", "target_name": "dev", "connection_name": "list__northwind"} */
with mv_sources as (
      -- Find all MVs and their target tables (database and name of the MV, plus the SELECT SQL)
      select
        name as mv_name,
        database as mv_database,
        any(as_select) as mv_sql,
        any(replaceRegexpOne(create_table_query, '.*TO\\s+`?([^`\\s(]+)`?\\.`?([^`\\s(]+)`?.*', '\\1.\\2')) as target_fqn
      
      from system.tables
      
      where engine = 'MaterializedView'
        and create_table_query like '%TO %'
      group by mv_name, mv_database
    )
    select
      t.name as name,
      t.database as schema,
      multiIf(
        t.engine = 'MaterializedView', 'materialized_view',
        t.engine = 'View', 'view',
        t.engine = 'Dictionary', 'dictionary',
        'table'
      ) as type,
      db.engine as db_engine,
      groupArrayIf(
        map('schema', mv_sources.mv_database, 'name', mv_sources.mv_name, 'sql', mv_sources.mv_sql),
        mv_sources.mv_name != ''
      ) as mvs_pointing_to_it,0 as is_on_cluster
        from system.tables as t
      
        join system.databases as db on t.database = db.name
        left join mv_sources on mv_sources.target_fqn = concat(t.database, '.', t.name)
      where schema = 'northwind'
      group by name, schema, type, db_engine

  ...
[0m20:36:16.584236 [debug] [ThreadPool]: dbt_clickhouse adapter: SQL status: OK in 0.04 seconds
[0m20:36:16.588204 [debug] [MainThread]: Sending event: {'category': 'dbt', 'action': 'runnable_timing', 'label': 'a253fcd9-f8db-47a0-a5c6-2af7c6ec7904', 'context': [<snowplow_tracker.self_describing_json.SelfDescribingJson object at 0x7b6fa393b2d0>]}
[0m20:36:16.592609 [debug] [Thread-1 (]: Began running node model.northwind_transformations.stg_order_details
[0m20:36:16.593235 [info ] [Thread-1 (]: 1 of 3 START sql table model `northwind`.`stg_order_details` ................... [RUN]
[0m20:36:16.593788 [debug] [Thread-1 (]: Re-using an available connection from the pool (formerly list__northwind, now model.northwind_transformations.stg_order_details)
[0m20:36:16.594305 [debug] [Thread-1 (]: Began compiling node model.northwind_transformations.stg_order_details
[0m20:36:16.601699 [debug] [Thread-1 (]: Writing injected SQL for node "model.northwind_transformations.stg_order_details"
[0m20:36:16.602605 [debug] [Thread-1 (]: Began executing node model.northwind_transformations.stg_order_details
[0m20:36:16.647171 [debug] [Thread-1 (]: Creating new relation stg_order_details
[0m20:36:16.706029 [debug] [Thread-1 (]: dbt_clickhouse adapter: On model.northwind_transformations.stg_order_details: /* {"app": "dbt", "dbt_version": "1.11.10", "profile_name": "northwind", "target_name": "dev", "node_id": "model.northwind_transformations.stg_order_details"} */

            

    
        create table `northwind`.`stg_order_details`
        
  
        
  engine = MergeTree()
        
      order by (tuple())
        
        
        
        
                    -- end_of_sql
                    SETTINGS replicated_deduplication_window='0'

                    
            empty
          as (
            with raw_data as (
    select
        JSONExtractInt(data, 'order_id') as order_id,
        JSONExtractInt(data, 'product_id') as product_id,
        JSONExtractFloat(data, 'unit_price') as unit_price,
        JSONExtractInt(data, 'quantity') as quantity,
        JSONExtractFloat(data, 'discount') as discount
    from .ingestion
    where tag = 'northwind_order_details.csv'
)

select
    order_id,
    product_id,
    unit_price,
    quantity,
    discount,
    (unit_price * quantity) * (1 - discount) as total_price
from raw_data
          )
        
        ...
[0m20:36:16.740745 [debug] [Thread-1 (]: dbt_clickhouse adapter: Error running SQL: /* {"app": "dbt", "dbt_version": "1.11.10", "profile_name": "northwind", "target_name": "dev", "node_id": "model.northwind_transformations.stg_order_details"} */

            

    
        create table `northwind`.`stg_order_details`
        
  
        
  engine = MergeTree()
        
      order by (tuple())
        
        
        
        
                    -- end_of_sql
                    SETTINGS replicated_deduplication_window='0'

                    
            empty
          as (
            with raw_data as (
    select
        JSONExtractInt(data, 'order_id') as order_id,
        JSONExtractInt(data, 'product_id') as product_id,
        JSONExtractFloat(data, 'unit_price') as unit_price,
        JSONExtractInt(data, 'quantity') as quantity,
        JSONExtractFloat(data, 'discount') as discount
    from .ingestion
    where tag = 'northwind_order_details.csv'
)

select
    order_id,
    product_id,
    unit_price,
    quantity,
    discount,
    (unit_price * quantity) * (1 - discount) as total_price
from raw_data
          )
        
        
[0m20:36:16.753592 [debug] [Thread-1 (]: Database Error in model stg_order_details (models/silver/stg_order_details.sql)
  Received ClickHouse exception, code: 62, server response: Code: 62. DB::Exception: Syntax error: failed at position 836 (.) (line 30, col 10): .ingestion
      where tag = 'northwind_order_details.csv'
  )
  
  select
      order_id,
      product_id,
      unit_price,
      quantity,
      discount,
      (unit_price * quantity) *... Expected one of: table, table function, subquery or list of joined tables, table or subquery or table function, element of expression with optional alias, SELECT or EXPLAIN subquery, function, function name, compound identifier, identifier, string literal table identifier. (SYNTAX_ERROR) (for url http://clickhouse-northwind:8123)
[0m20:36:16.756115 [debug] [Thread-1 (]: Sending event: {'category': 'dbt', 'action': 'run_model', 'label': 'a253fcd9-f8db-47a0-a5c6-2af7c6ec7904', 'context': [<snowplow_tracker.self_describing_json.SelfDescribingJson object at 0x7b6fa3923990>]}
[0m20:36:16.757263 [error] [Thread-1 (]: 1 of 3 ERROR creating sql table model `northwind`.`stg_order_details` .......... [[31mERROR[0m in 0.16s]
[0m20:36:16.758396 [debug] [Thread-1 (]: Finished running node model.northwind_transformations.stg_order_details
[0m20:36:16.758986 [debug] [Thread-1 (]: Began running node model.northwind_transformations.stg_orders
[0m20:36:16.759504 [debug] [Thread-4 (]: Marking all children of 'model.northwind_transformations.stg_order_details' to be skipped because of status 'error'.  Reason: Database Error in model stg_order_details (models/silver/stg_order_details.sql)
  Received ClickHouse exception, code: 62, server response: Code: 62. DB::Exception: Syntax error: failed at position 836 (.) (line 30, col 10): .ingestion
      where tag = 'northwind_order_details.csv'
  )
  
  select
      order_id,
      product_id,
      unit_price,
      quantity,
      discount,
      (unit_price * quantity) *... Expected one of: table, table function, subquery or list of joined tables, table or subquery or table function, element of expression with optional alias, SELECT or EXPLAIN subquery, function, function name, compound identifier, identifier, string literal table identifier. (SYNTAX_ERROR) (for url http://clickhouse-northwind:8123).
[0m20:36:16.760252 [info ] [Thread-1 (]: 2 of 3 START sql table model `northwind`.`stg_orders` .......................... [RUN]
[0m20:36:16.762085 [debug] [Thread-1 (]: Re-using an available connection from the pool (formerly model.northwind_transformations.stg_order_details, now model.northwind_transformations.stg_orders)
[0m20:36:16.762581 [debug] [Thread-1 (]: Began compiling node model.northwind_transformations.stg_orders
[0m20:36:16.768679 [debug] [Thread-1 (]: Writing injected SQL for node "model.northwind_transformations.stg_orders"
[0m20:36:16.769423 [debug] [Thread-1 (]: Began executing node model.northwind_transformations.stg_orders
[0m20:36:16.772501 [debug] [Thread-1 (]: Creating new relation stg_orders
[0m20:36:16.774246 [debug] [Thread-1 (]: dbt_clickhouse adapter: On model.northwind_transformations.stg_orders: /* {"app": "dbt", "dbt_version": "1.11.10", "profile_name": "northwind", "target_name": "dev", "node_id": "model.northwind_transformations.stg_orders"} */

            

    
        create table `northwind`.`stg_orders`
        
  
        
  engine = MergeTree()
        
      order by (tuple())
        
        
        
        
                    -- end_of_sql
                    SETTINGS replicated_deduplication_window='0'

                    
            empty
          as (
            with raw_data as (
    select
        JSONExtractString(data, 'order_id') as order_id,
        JSONExtractString(data, 'customer_id') as customer_id,
        JSONExtractInt(data, 'employee_id') as employee_id,
        JSONExtractString(data, 'order_date') as order_date,
        JSONExtractFloat(data, 'freight') as freight,
        JSONExtractString(data, 'ship_country') as ship_country
    from .ingestion
    where tag = 'northwind_orders.csv'
)

select
    toInt64(order_id) as order_id,
    customer_id,
    employee_id,
    toDate(order_date) as order_date,
    freight,
    ship_country
from raw_data
          )
        
        ...
[0m20:36:16.777586 [debug] [Thread-1 (]: dbt_clickhouse adapter: Error running SQL: /* {"app": "dbt", "dbt_version": "1.11.10", "profile_name": "northwind", "target_name": "dev", "node_id": "model.northwind_transformations.stg_orders"} */

            

    
        create table `northwind`.`stg_orders`
        
  
        
  engine = MergeTree()
        
      order by (tuple())
        
        
        
        
                    -- end_of_sql
                    SETTINGS replicated_deduplication_window='0'

                    
            empty
          as (
            with raw_data as (
    select
        JSONExtractString(data, 'order_id') as order_id,
        JSONExtractString(data, 'customer_id') as customer_id,
        JSONExtractInt(data, 'employee_id') as employee_id,
        JSONExtractString(data, 'order_date') as order_date,
        JSONExtractFloat(data, 'freight') as freight,
        JSONExtractString(data, 'ship_country') as ship_country
    from .ingestion
    where tag = 'northwind_orders.csv'
)

select
    toInt64(order_id) as order_id,
    customer_id,
    employee_id,
    toDate(order_date) as order_date,
    freight,
    ship_country
from raw_data
          )
        
        
[0m20:36:16.782508 [debug] [Thread-1 (]: Database Error in model stg_orders (models/silver/stg_orders.sql)
  Received ClickHouse exception, code: 62, server response: Code: 62. DB::Exception: Syntax error: failed at position 900 (.) (line 31, col 10): .ingestion
      where tag = 'northwind_orders.csv'
  )
  
  select
      toInt64(order_id) as order_id,
      customer_id,
      employee_id,
      toDate(order_date) as order_date,
    ... Expected one of: table, table function, subquery or list of joined tables, table or subquery or table function, element of expression with optional alias, SELECT or EXPLAIN subquery, function, function name, compound identifier, identifier, string literal table identifier. (SYNTAX_ERROR) (for url http://clickhouse-northwind:8123)
[0m20:36:16.783009 [debug] [Thread-1 (]: Sending event: {'category': 'dbt', 'action': 'run_model', 'label': 'a253fcd9-f8db-47a0-a5c6-2af7c6ec7904', 'context': [<snowplow_tracker.self_describing_json.SelfDescribingJson object at 0x7b6fa3920a90>]}
[0m20:36:16.783582 [error] [Thread-1 (]: 2 of 3 ERROR creating sql table model `northwind`.`stg_orders` ................. [[31mERROR[0m in 0.02s]
[0m20:36:16.784504 [debug] [Thread-1 (]: Finished running node model.northwind_transformations.stg_orders
[0m20:36:16.785052 [debug] [Thread-4 (]: Marking all children of 'model.northwind_transformations.stg_orders' to be skipped because of status 'error'.  Reason: Database Error in model stg_orders (models/silver/stg_orders.sql)
  Received ClickHouse exception, code: 62, server response: Code: 62. DB::Exception: Syntax error: failed at position 900 (.) (line 31, col 10): .ingestion
      where tag = 'northwind_orders.csv'
  )
  
  select
      toInt64(order_id) as order_id,
      customer_id,
      employee_id,
      toDate(order_date) as order_date,
    ... Expected one of: table, table function, subquery or list of joined tables, table or subquery or table function, element of expression with optional alias, SELECT or EXPLAIN subquery, function, function name, compound identifier, identifier, string literal table identifier. (SYNTAX_ERROR) (for url http://clickhouse-northwind:8123).
[0m20:36:16.785929 [debug] [Thread-1 (]: Began running node model.northwind_transformations.fct_sales
[0m20:36:16.786439 [info ] [Thread-1 (]: 3 of 3 SKIP relation northwind.fct_sales ....................................... [[33mSKIP[0m]
[0m20:36:16.787064 [debug] [Thread-1 (]: Finished running node model.northwind_transformations.fct_sales
[0m20:36:16.788489 [debug] [MainThread]: Connection 'master' was properly closed.
[0m20:36:16.788792 [debug] [MainThread]: Connection 'model.northwind_transformations.stg_orders' was left open.
[0m20:36:16.789139 [debug] [MainThread]: On model.northwind_transformations.stg_orders: Close
[0m20:36:16.789588 [info ] [MainThread]: 
[0m20:36:16.790266 [info ] [MainThread]: Finished running 2 table models, 1 view model in 0 hours 0 minutes and 0.63 seconds (0.63s).
[0m20:36:16.791420 [debug] [MainThread]: Command end result
[0m20:36:16.852314 [debug] [MainThread]: Wrote artifact WritableManifest to /app/northwind_transformations/target/manifest.json
[0m20:36:16.856537 [debug] [MainThread]: Wrote artifact SemanticManifest to /app/northwind_transformations/target/semantic_manifest.json
[0m20:36:16.870776 [debug] [MainThread]: Wrote artifact RunExecutionResult to /app/northwind_transformations/target/run_results.json
[0m20:36:16.872991 [info ] [MainThread]: 
[0m20:36:16.875649 [info ] [MainThread]: [31mCompleted with 2 errors, 0 partial successes, and 0 warnings:[0m
[0m20:36:16.877167 [info ] [MainThread]: 
[0m20:36:16.879041 [error] [MainThread]: [31mFailure in model stg_order_details (models/silver/stg_order_details.sql)[0m
[0m20:36:16.879634 [error] [MainThread]:   Database Error in model stg_order_details (models/silver/stg_order_details.sql)
  Received ClickHouse exception, code: 62, server response: Code: 62. DB::Exception: Syntax error: failed at position 836 (.) (line 30, col 10): .ingestion
      where tag = 'northwind_order_details.csv'
  )
  
  select
      order_id,
      product_id,
      unit_price,
      quantity,
      discount,
      (unit_price * quantity) *... Expected one of: table, table function, subquery or list of joined tables, table or subquery or table function, element of expression with optional alias, SELECT or EXPLAIN subquery, function, function name, compound identifier, identifier, string literal table identifier. (SYNTAX_ERROR) (for url http://clickhouse-northwind:8123)
[0m20:36:16.882329 [info ] [MainThread]: 
[0m20:36:16.883093 [info ] [MainThread]:   compiled code at target/compiled/northwind_transformations/models/silver/stg_order_details.sql
[0m20:36:16.883713 [info ] [MainThread]: 
[0m20:36:16.884624 [error] [MainThread]: [31mFailure in model stg_orders (models/silver/stg_orders.sql)[0m
[0m20:36:16.885455 [error] [MainThread]:   Database Error in model stg_orders (models/silver/stg_orders.sql)
  Received ClickHouse exception, code: 62, server response: Code: 62. DB::Exception: Syntax error: failed at position 900 (.) (line 31, col 10): .ingestion
      where tag = 'northwind_orders.csv'
  )
  
  select
      toInt64(order_id) as order_id,
      customer_id,
      employee_id,
      toDate(order_date) as order_date,
    ... Expected one of: table, table function, subquery or list of joined tables, table or subquery or table function, element of expression with optional alias, SELECT or EXPLAIN subquery, function, function name, compound identifier, identifier, string literal table identifier. (SYNTAX_ERROR) (for url http://clickhouse-northwind:8123)
[0m20:36:16.885936 [info ] [MainThread]: 
[0m20:36:16.886456 [info ] [MainThread]:   compiled code at target/compiled/northwind_transformations/models/silver/stg_orders.sql
[0m20:36:16.886901 [info ] [MainThread]: 
[0m20:36:16.887374 [info ] [MainThread]: Done. PASS=0 WARN=0 ERROR=2 SKIP=1 NO-OP=0 TOTAL=3
[0m20:36:16.889170 [debug] [MainThread]: Resource report: {"command_name": "run", "command_success": false, "command_wall_clock_time": 4.1222453, "process_in_blocks": "6568", "process_kernel_time": 0.513834, "process_mem_max_rss": "130324", "process_out_blocks": "3680", "process_user_time": 4.836427}
[0m20:36:16.889834 [debug] [MainThread]: Command `dbt run` failed at 20:36:16.889669 after 4.12 seconds
[0m20:36:16.890472 [debug] [MainThread]: Sending event: {'category': 'dbt', 'action': 'invocation', 'label': 'end', 'context': [<snowplow_tracker.self_describing_json.SelfDescribingJson object at 0x7b6fa0af5f10>, <snowplow_tracker.self_describing_json.SelfDescribingJson object at 0x7b6fa8940b10>, <snowplow_tracker.self_describing_json.SelfDescribingJson object at 0x7b6fa51f05d0>]}
[0m20:36:16.892285 [debug] [MainThread]: Flushing usage events
[0m20:36:17.006526 [debug] [MainThread]: An error was encountered while trying to flush usage events
[0m20:36:33.903343 [debug] [MainThread]: Sending event: {'category': 'dbt', 'action': 'invocation', 'label': 'start', 'context': [<snowplow_tracker.self_describing_json.SelfDescribingJson object at 0x79034fd3ecd0>, <snowplow_tracker.self_describing_json.SelfDescribingJson object at 0x79034fd9cf10>, <snowplow_tracker.self_describing_json.SelfDescribingJson object at 0x79034fd3f110>]}


============================== 20:36:33.919695 | 23736429-c488-46d4-85c8-61c689144361 ==============================
[0m20:36:33.919695 [info ] [MainThread]: Running with dbt=1.11.10
[0m20:36:33.921597 [debug] [MainThread]: running dbt with arguments {'indirect_selection': 'eager', 'log_path': '/app/northwind_transformations/logs', 'invocation_command': 'dbt run --profiles-dir .', 'use_experimental_parser': 'False', 'fail_fast': 'False', 'write_json': 'True', 'quiet': 'False', 'use_colors': 'True', 'warn_error': 'None', 'partial_parse': 'True', 'profiles_dir': '.', 'send_anonymous_usage_stats': 'True', 'version_check': 'True', 'warn_error_options': 'WarnErrorOptionsV2(error=[], warn=[], silence=[])', 'debug': 'False', 'target_path': 'None', 'empty': 'False', 'no_print': 'None', 'static_parser': 'True', 'printer_width': '80', 'log_cache_events': 'False', 'log_format': 'default', 'introspect': 'True', 'cache_selected_only': 'False'}
[0m20:36:34.219116 [debug] [MainThread]: Sending event: {'category': 'dbt', 'action': 'project_id', 'label': '23736429-c488-46d4-85c8-61c689144361', 'context': [<snowplow_tracker.self_describing_json.SelfDescribingJson object at 0x79034fa85bd0>]}
[0m20:36:34.331899 [debug] [MainThread]: Sending event: {'category': 'dbt', 'action': 'adapter_info', 'label': '23736429-c488-46d4-85c8-61c689144361', 'context': [<snowplow_tracker.self_describing_json.SelfDescribingJson object at 0x79035034ca90>]}
[0m20:36:34.333261 [info ] [MainThread]: Registered adapter: clickhouse=1.10.0
[0m20:36:34.704679 [debug] [MainThread]: checksum: 2f247960199844e016e6a527f21364251736722c6212f4b11e96849fe0fc9e96, vars: {}, profile: , target: , version: 1.11.10
[0m20:36:34.848206 [debug] [MainThread]: Partial parsing enabled: 0 files deleted, 0 files added, 2 files changed.
[0m20:36:34.849157 [debug] [MainThread]: Partial parsing: updated file: northwind_transformations://models/silver/stg_orders.sql
[0m20:36:34.849865 [debug] [MainThread]: Partial parsing: updated file: northwind_transformations://models/silver/stg_order_details.sql
[0m20:36:35.311278 [debug] [MainThread]: Sending event: {'category': 'dbt', 'action': 'load_project', 'label': '23736429-c488-46d4-85c8-61c689144361', 'context': [<snowplow_tracker.self_describing_json.SelfDescribingJson object at 0x790350d83990>]}
[0m20:36:35.421436 [debug] [MainThread]: Wrote artifact WritableManifest to /app/northwind_transformations/target/manifest.json
[0m20:36:35.424048 [debug] [MainThread]: Wrote artifact SemanticManifest to /app/northwind_transformations/target/semantic_manifest.json
[0m20:36:35.446503 [debug] [MainThread]: Sending event: {'category': 'dbt', 'action': 'resource_counts', 'label': '23736429-c488-46d4-85c8-61c689144361', 'context': [<snowplow_tracker.self_describing_json.SelfDescribingJson object at 0x79034f7a5d10>]}
[0m20:36:35.447274 [info ] [MainThread]: Found 3 models, 523 macros
[0m20:36:35.447972 [debug] [MainThread]: Sending event: {'category': 'dbt', 'action': 'runnable_timing', 'label': '23736429-c488-46d4-85c8-61c689144361', 'context': [<snowplow_tracker.self_describing_json.SelfDescribingJson object at 0x79034f7b5190>]}
[0m20:36:35.449848 [info ] [MainThread]: 
[0m20:36:35.450290 [info ] [MainThread]: Concurrency: 1 threads (target='dev')
[0m20:36:35.450924 [info ] [MainThread]: 
[0m20:36:35.451929 [debug] [MainThread]: Acquiring new clickhouse connection 'master'
[0m20:36:35.459034 [debug] [ThreadPool]: Acquiring new clickhouse connection 'list_'
[0m20:36:35.469798 [debug] [ThreadPool]: Opening a new connection, currently in state init
[0m20:36:35.571166 [debug] [ThreadPool]: dbt_clickhouse adapter: On list_: /* {"app": "dbt", "dbt_version": "1.11.10", "profile_name": "northwind", "target_name": "dev", "connection_name": "list_"} */

    select name from system.databases
  ...
[0m20:36:35.575076 [debug] [ThreadPool]: dbt_clickhouse adapter: SQL status: OK in 0.00 seconds
[0m20:36:35.624780 [debug] [ThreadPool]: Re-using an available connection from the pool (formerly list_, now list__northwind)
[0m20:36:35.635082 [debug] [ThreadPool]: dbt_clickhouse adapter: On list__northwind: /* {"app": "dbt", "dbt_version": "1.11.10", "profile_name": "northwind", "target_name": "dev", "connection_name": "list__northwind"} */
with mv_sources as (
      -- Find all MVs and their target tables (database and name of the MV, plus the SELECT SQL)
      select
        name as mv_name,
        database as mv_database,
        any(as_select) as mv_sql,
        any(replaceRegexpOne(create_table_query, '.*TO\\s+`?([^`\\s(]+)`?\\.`?([^`\\s(]+)`?.*', '\\1.\\2')) as target_fqn
      
      from system.tables
      
      where engine = 'MaterializedView'
        and create_table_query like '%TO %'
      group by mv_name, mv_database
    )
    select
      t.name as name,
      t.database as schema,
      multiIf(
        t.engine = 'MaterializedView', 'materialized_view',
        t.engine = 'View', 'view',
        t.engine = 'Dictionary', 'dictionary',
        'table'
      ) as type,
      db.engine as db_engine,
      groupArrayIf(
        map('schema', mv_sources.mv_database, 'name', mv_sources.mv_name, 'sql', mv_sources.mv_sql),
        mv_sources.mv_name != ''
      ) as mvs_pointing_to_it,0 as is_on_cluster
        from system.tables as t
      
        join system.databases as db on t.database = db.name
        left join mv_sources on mv_sources.target_fqn = concat(t.database, '.', t.name)
      where schema = 'northwind'
      group by name, schema, type, db_engine

  ...
[0m20:36:35.651627 [debug] [ThreadPool]: dbt_clickhouse adapter: SQL status: OK in 0.02 seconds
[0m20:36:35.653752 [debug] [MainThread]: Sending event: {'category': 'dbt', 'action': 'runnable_timing', 'label': '23736429-c488-46d4-85c8-61c689144361', 'context': [<snowplow_tracker.self_describing_json.SelfDescribingJson object at 0x79034fb056d0>]}
[0m20:36:35.658160 [debug] [Thread-1 (]: Began running node model.northwind_transformations.stg_order_details
[0m20:36:35.658863 [info ] [Thread-1 (]: 1 of 3 START sql table model `northwind`.`stg_order_details` ................... [RUN]
[0m20:36:35.659484 [debug] [Thread-1 (]: Re-using an available connection from the pool (formerly list__northwind, now model.northwind_transformations.stg_order_details)
[0m20:36:35.660145 [debug] [Thread-1 (]: Began compiling node model.northwind_transformations.stg_order_details
[0m20:36:35.669328 [debug] [Thread-1 (]: Writing injected SQL for node "model.northwind_transformations.stg_order_details"
[0m20:36:35.670260 [debug] [Thread-1 (]: Began executing node model.northwind_transformations.stg_order_details
[0m20:36:35.716704 [debug] [Thread-1 (]: Creating new relation stg_order_details
[0m20:36:35.767223 [debug] [Thread-1 (]: dbt_clickhouse adapter: On model.northwind_transformations.stg_order_details: /* {"app": "dbt", "dbt_version": "1.11.10", "profile_name": "northwind", "target_name": "dev", "node_id": "model.northwind_transformations.stg_order_details"} */

            

    
        create table `northwind`.`stg_order_details`
        
  
        
  engine = MergeTree()
        
      order by (tuple())
        
        
        
        
                    -- end_of_sql
                    SETTINGS replicated_deduplication_window='0'

                    
            empty
          as (
            with raw_data as (
    select
        JSONExtractInt(data, 'order_id') as order_id,
        JSONExtractInt(data, 'product_id') as product_id,
        JSONExtractFloat(data, 'unit_price') as unit_price,
        JSONExtractInt(data, 'quantity') as quantity,
        JSONExtractFloat(data, 'discount') as discount
    from northwind.ingestion
    where tag = 'northwind_order_details.csv'
)

select
    order_id,
    product_id,
    unit_price,
    quantity,
    discount,
    (unit_price * quantity) * (1 - discount) as total_price
from raw_data
          )
        
        ...
[0m20:36:35.793764 [debug] [Thread-1 (]: dbt_clickhouse adapter: SQL status: OK in 0.03 seconds
[0m20:36:35.825147 [debug] [Thread-1 (]: dbt_clickhouse adapter: On model.northwind_transformations.stg_order_details: /* {"app": "dbt", "dbt_version": "1.11.10", "profile_name": "northwind", "target_name": "dev", "node_id": "model.northwind_transformations.stg_order_details"} */

    select name, type from system.columns where table = 'stg_order_details'
    
      
        and database = 'northwind'
      
    
    order by position
  ...
[0m20:36:35.830513 [debug] [Thread-1 (]: dbt_clickhouse adapter: SQL status: OK in 0.00 seconds
[0m20:36:35.841430 [debug] [Thread-1 (]: Writing runtime sql for node "model.northwind_transformations.stg_order_details"
[0m20:36:35.842640 [debug] [Thread-1 (]: dbt_clickhouse adapter: On model.northwind_transformations.stg_order_details: /* {"app": "dbt", "dbt_version": "1.11.10", "profile_name": "northwind", "target_name": "dev", "node_id": "model.northwind_transformations.stg_order_details"} */

  
    
    
    
        
         


        
  

  insert into `northwind`.`stg_order_details`
        ("order_id", "product_id", "unit_price", "quantity", "discount", "total_price")with raw_data as (
    select
        JSONExtractInt(data, 'order_id') as order_id,
        JSONExtractInt(data, 'product_id') as product_id,
        JSONExtractFloat(data, 'unit_price') as unit_price,
        JSONExtractInt(data, 'quantity') as quantity,
        JSONExtractFloat(data, 'discount') as discount
    from northwind.ingestion
    where tag = 'northwind_order_details.csv'
)

select
    order_id,
    product_id,
    unit_price,
    quantity,
    discount,
    (unit_price * quantity) * (1 - discount) as total_price
from raw_data
  ...
[0m20:36:35.905912 [debug] [Thread-1 (]: dbt_clickhouse adapter: SQL status: OK in 0.06 seconds
[0m20:36:35.929445 [debug] [Thread-1 (]: Sending event: {'category': 'dbt', 'action': 'run_model', 'label': '23736429-c488-46d4-85c8-61c689144361', 'context': [<snowplow_tracker.self_describing_json.SelfDescribingJson object at 0x79034e8b7250>]}
[0m20:36:35.930491 [info ] [Thread-1 (]: 1 of 3 OK created sql table model `northwind`.`stg_order_details` .............. [[32mOK[0m in 0.27s]
[0m20:36:35.931788 [debug] [Thread-1 (]: Finished running node model.northwind_transformations.stg_order_details
[0m20:36:35.933093 [debug] [Thread-1 (]: Began running node model.northwind_transformations.stg_orders
[0m20:36:35.933727 [info ] [Thread-1 (]: 2 of 3 START sql table model `northwind`.`stg_orders` .......................... [RUN]
[0m20:36:35.934502 [debug] [Thread-1 (]: Re-using an available connection from the pool (formerly model.northwind_transformations.stg_order_details, now model.northwind_transformations.stg_orders)
[0m20:36:35.935331 [debug] [Thread-1 (]: Began compiling node model.northwind_transformations.stg_orders
[0m20:36:35.939562 [debug] [Thread-1 (]: Writing injected SQL for node "model.northwind_transformations.stg_orders"
[0m20:36:35.940469 [debug] [Thread-1 (]: Began executing node model.northwind_transformations.stg_orders
[0m20:36:35.944001 [debug] [Thread-1 (]: Creating new relation stg_orders
[0m20:36:35.946135 [debug] [Thread-1 (]: dbt_clickhouse adapter: On model.northwind_transformations.stg_orders: /* {"app": "dbt", "dbt_version": "1.11.10", "profile_name": "northwind", "target_name": "dev", "node_id": "model.northwind_transformations.stg_orders"} */

            

    
        create table `northwind`.`stg_orders`
        
  
        
  engine = MergeTree()
        
      order by (tuple())
        
        
        
        
                    -- end_of_sql
                    SETTINGS replicated_deduplication_window='0'

                    
            empty
          as (
            with raw_data as (
    select
        JSONExtractString(data, 'order_id') as order_id,
        JSONExtractString(data, 'customer_id') as customer_id,
        JSONExtractInt(data, 'employee_id') as employee_id,
        JSONExtractString(data, 'order_date') as order_date,
        JSONExtractFloat(data, 'freight') as freight,
        JSONExtractString(data, 'ship_country') as ship_country
    from northwind.ingestion
    where tag = 'northwind_orders.csv'
)

select
    toInt64(order_id) as order_id,
    customer_id,
    employee_id,
    toDate(order_date) as order_date,
    freight,
    ship_country
from raw_data
          )
        
        ...
[0m20:36:35.973895 [debug] [Thread-1 (]: dbt_clickhouse adapter: SQL status: OK in 0.03 seconds
[0m20:36:35.986781 [debug] [Thread-1 (]: dbt_clickhouse adapter: On model.northwind_transformations.stg_orders: /* {"app": "dbt", "dbt_version": "1.11.10", "profile_name": "northwind", "target_name": "dev", "node_id": "model.northwind_transformations.stg_orders"} */

    select name, type from system.columns where table = 'stg_orders'
    
      
        and database = 'northwind'
      
    
    order by position
  ...
[0m20:36:35.998564 [debug] [Thread-1 (]: dbt_clickhouse adapter: SQL status: OK in 0.01 seconds
[0m20:36:36.025420 [debug] [Thread-1 (]: Writing runtime sql for node "model.northwind_transformations.stg_orders"
[0m20:36:36.027632 [debug] [Thread-1 (]: dbt_clickhouse adapter: On model.northwind_transformations.stg_orders: /* {"app": "dbt", "dbt_version": "1.11.10", "profile_name": "northwind", "target_name": "dev", "node_id": "model.northwind_transformations.stg_orders"} */

  
    
    
    
        
         


        
  

  insert into `northwind`.`stg_orders`
        ("order_id", "customer_id", "employee_id", "order_date", "freight", "ship_country")with raw_data as (
    select
        JSONExtractString(data, 'order_id') as order_id,
        JSONExtractString(data, 'customer_id') as customer_id,
        JSONExtractInt(data, 'employee_id') as employee_id,
        JSONExtractString(data, 'order_date') as order_date,
        JSONExtractFloat(data, 'freight') as freight,
        JSONExtractString(data, 'ship_country') as ship_country
    from northwind.ingestion
    where tag = 'northwind_orders.csv'
)

select
    toInt64(order_id) as order_id,
    customer_id,
    employee_id,
    toDate(order_date) as order_date,
    freight,
    ship_country
from raw_data
  ...
[0m20:36:36.070904 [debug] [Thread-1 (]: dbt_clickhouse adapter: SQL status: OK in 0.04 seconds
[0m20:36:36.077003 [debug] [Thread-1 (]: Sending event: {'category': 'dbt', 'action': 'run_model', 'label': '23736429-c488-46d4-85c8-61c689144361', 'context': [<snowplow_tracker.self_describing_json.SelfDescribingJson object at 0x79034ce7f150>]}
[0m20:36:36.078099 [info ] [Thread-1 (]: 2 of 3 OK created sql table model `northwind`.`stg_orders` ..................... [[32mOK[0m in 0.14s]
[0m20:36:36.079862 [debug] [Thread-1 (]: Finished running node model.northwind_transformations.stg_orders
[0m20:36:36.080930 [debug] [Thread-1 (]: Began running node model.northwind_transformations.fct_sales
[0m20:36:36.082242 [info ] [Thread-1 (]: 3 of 3 START sql view model `northwind`.`fct_sales` ............................ [RUN]
[0m20:36:36.083633 [debug] [Thread-1 (]: Re-using an available connection from the pool (formerly model.northwind_transformations.stg_orders, now model.northwind_transformations.fct_sales)
[0m20:36:36.084172 [debug] [Thread-1 (]: Began compiling node model.northwind_transformations.fct_sales
[0m20:36:36.096015 [debug] [Thread-1 (]: Writing injected SQL for node "model.northwind_transformations.fct_sales"
[0m20:36:36.098092 [debug] [Thread-1 (]: Began executing node model.northwind_transformations.fct_sales
[0m20:36:36.127031 [debug] [Thread-1 (]: Creating new relation fct_sales
[0m20:36:36.151443 [debug] [Thread-1 (]: Writing runtime sql for node "model.northwind_transformations.fct_sales"
[0m20:36:36.152596 [debug] [Thread-1 (]: dbt_clickhouse adapter: On model.northwind_transformations.fct_sales: /* {"app": "dbt", "dbt_version": "1.11.10", "profile_name": "northwind", "target_name": "dev", "node_id": "model.northwind_transformations.fct_sales"} */


  create or replace view `northwind`.`fct_sales` 
  
    
  
  
    
    
  as (
    with orders as (
    select * from `northwind`.`stg_orders`
),
details as (
    select 
        order_id,
        sum(total_price) as order_total_value,
        sum(quantity) as total_items
    from `northwind`.`stg_order_details`
    group by order_id
)

select
    o.order_id,
    o.customer_id,
    o.order_date,
    o.ship_country,
    d.order_total_value,
    d.total_items
from orders o
left join details d on o.order_id = d.order_id
    
  )
      
      
                    -- end_of_sql
                    
                    ...
[0m20:36:36.182515 [debug] [Thread-1 (]: dbt_clickhouse adapter: SQL status: OK in 0.03 seconds
[0m20:36:36.185653 [debug] [Thread-1 (]: Sending event: {'category': 'dbt', 'action': 'run_model', 'label': '23736429-c488-46d4-85c8-61c689144361', 'context': [<snowplow_tracker.self_describing_json.SelfDescribingJson object at 0x79034ce83610>]}
[0m20:36:36.186632 [info ] [Thread-1 (]: 3 of 3 OK created sql view model `northwind`.`fct_sales` ....................... [[32mOK[0m in 0.10s]
[0m20:36:36.187528 [debug] [Thread-1 (]: Finished running node model.northwind_transformations.fct_sales
[0m20:36:36.189400 [debug] [MainThread]: Connection 'master' was properly closed.
[0m20:36:36.189898 [debug] [MainThread]: Connection 'model.northwind_transformations.fct_sales' was left open.
[0m20:36:36.191086 [debug] [MainThread]: On model.northwind_transformations.fct_sales: Close
[0m20:36:36.191720 [info ] [MainThread]: 
[0m20:36:36.195217 [info ] [MainThread]: Finished running 2 table models, 1 view model in 0 hours 0 minutes and 0.74 seconds (0.74s).
[0m20:36:36.197166 [debug] [MainThread]: Command end result
[0m20:36:36.253548 [debug] [MainThread]: Wrote artifact WritableManifest to /app/northwind_transformations/target/manifest.json
[0m20:36:36.256154 [debug] [MainThread]: Wrote artifact SemanticManifest to /app/northwind_transformations/target/semantic_manifest.json
[0m20:36:36.265590 [debug] [MainThread]: Wrote artifact RunExecutionResult to /app/northwind_transformations/target/run_results.json
[0m20:36:36.266119 [info ] [MainThread]: 
[0m20:36:36.266741 [info ] [MainThread]: [32mCompleted successfully[0m
[0m20:36:36.267296 [info ] [MainThread]: 
[0m20:36:36.268741 [info ] [MainThread]: Done. PASS=3 WARN=0 ERROR=0 SKIP=0 NO-OP=0 TOTAL=3
[0m20:36:36.270939 [debug] [MainThread]: Resource report: {"command_name": "run", "command_success": true, "command_wall_clock_time": 2.4694993, "process_in_blocks": "0", "process_kernel_time": 0.476143, "process_mem_max_rss": "129100", "process_out_blocks": "3704", "process_user_time": 3.730117}
[0m20:36:36.272245 [debug] [MainThread]: Command `dbt run` succeeded at 20:36:36.272105 after 2.47 seconds
[0m20:36:36.272855 [debug] [MainThread]: Sending event: {'category': 'dbt', 'action': 'invocation', 'label': 'end', 'context': [<snowplow_tracker.self_describing_json.SelfDescribingJson object at 0x79034fefe410>, <snowplow_tracker.self_describing_json.SelfDescribingJson object at 0x7903549418d0>, <snowplow_tracker.self_describing_json.SelfDescribingJson object at 0x7903547fce50>]}
[0m20:36:36.274356 [debug] [MainThread]: Flushing usage events
[0m20:36:36.353483 [debug] [MainThread]: An error was encountered while trying to flush usage events
[0m17:29:01.727407 [debug] [MainThread]: Sending event: {'category': 'dbt', 'action': 'invocation', 'label': 'start', 'context': [<snowplow_tracker.self_describing_json.SelfDescribingJson object at 0x738de60814d0>, <snowplow_tracker.self_describing_json.SelfDescribingJson object at 0x738de674f550>, <snowplow_tracker.self_describing_json.SelfDescribingJson object at 0x738de6081390>]}


============================== 17:29:01.747568 | 145c1d6e-b200-4a7d-9a69-a98485bf9f1e ==============================
[0m17:29:01.747568 [info ] [MainThread]: Running with dbt=1.11.11
[0m17:29:01.749480 [debug] [MainThread]: running dbt with arguments {'debug': 'False', 'log_path': '/app/northwind_transformations/logs', 'quiet': 'False', 'introspect': 'True', 'profiles_dir': '.', 'version_check': 'True', 'partial_parse': 'True', 'indirect_selection': 'eager', 'write_json': 'True', 'fail_fast': 'False', 'use_experimental_parser': 'False', 'log_cache_events': 'False', 'printer_width': '80', 'warn_error_options': 'WarnErrorOptionsV2(error=[], warn=[], silence=[])', 'cache_selected_only': 'False', 'empty': 'False', 'invocation_command': 'dbt run --profiles-dir .', 'log_format': 'default', 'no_print': 'None', 'send_anonymous_usage_stats': 'True', 'target_path': 'None', 'use_colors': 'True', 'static_parser': 'True', 'warn_error': 'None'}
[0m17:29:02.039135 [debug] [MainThread]: Sending event: {'category': 'dbt', 'action': 'project_id', 'label': '145c1d6e-b200-4a7d-9a69-a98485bf9f1e', 'context': [<snowplow_tracker.self_describing_json.SelfDescribingJson object at 0x738de6081590>]}
[0m17:29:02.129155 [debug] [MainThread]: Sending event: {'category': 'dbt', 'action': 'adapter_info', 'label': '145c1d6e-b200-4a7d-9a69-a98485bf9f1e', 'context': [<snowplow_tracker.self_describing_json.SelfDescribingJson object at 0x738de6725390>]}
[0m17:29:02.130916 [info ] [MainThread]: Registered adapter: clickhouse=1.10.0
[0m17:29:02.341168 [debug] [MainThread]: checksum: 30a8cc8fdcbf66701b0944d4ccce3fa46dd04b61e5df68b9f16d57b2e0e3f0be, vars: {}, profile: , target: , version: 1.11.11
[0m17:29:02.419899 [info ] [MainThread]: Unable to do partial parsing because of a version mismatch
[0m17:29:02.420773 [debug] [MainThread]: Sending event: {'category': 'dbt', 'action': 'partial_parser', 'label': '145c1d6e-b200-4a7d-9a69-a98485bf9f1e', 'context': [<snowplow_tracker.self_describing_json.SelfDescribingJson object at 0x738de717cbd0>]}
[0m17:29:03.528122 [debug] [MainThread]: Sending event: {'category': 'dbt', 'action': 'load_project', 'label': '145c1d6e-b200-4a7d-9a69-a98485bf9f1e', 'context': [<snowplow_tracker.self_describing_json.SelfDescribingJson object at 0x738de5c88750>]}
[0m17:29:03.592541 [debug] [MainThread]: Wrote artifact WritableManifest to /app/northwind_transformations/target/manifest.json
[0m17:29:03.604416 [debug] [MainThread]: Wrote artifact SemanticManifest to /app/northwind_transformations/target/semantic_manifest.json
[0m17:29:03.623131 [debug] [MainThread]: Sending event: {'category': 'dbt', 'action': 'resource_counts', 'label': '145c1d6e-b200-4a7d-9a69-a98485bf9f1e', 'context': [<snowplow_tracker.self_describing_json.SelfDescribingJson object at 0x738de5b0e550>]}
[0m17:29:03.625017 [info ] [MainThread]: Found 3 models, 523 macros
[0m17:29:03.625850 [debug] [MainThread]: Sending event: {'category': 'dbt', 'action': 'runnable_timing', 'label': '145c1d6e-b200-4a7d-9a69-a98485bf9f1e', 'context': [<snowplow_tracker.self_describing_json.SelfDescribingJson object at 0x738de6762050>]}
[0m17:29:03.630487 [info ] [MainThread]: 
[0m17:29:03.631264 [info ] [MainThread]: Concurrency: 1 threads (target='dev')
[0m17:29:03.631742 [info ] [MainThread]: 
[0m17:29:03.632542 [debug] [MainThread]: Acquiring new clickhouse connection 'master'
[0m17:29:03.644081 [debug] [ThreadPool]: Acquiring new clickhouse connection 'list_'
[0m17:29:03.656360 [debug] [ThreadPool]: Opening a new connection, currently in state init
[0m17:29:03.798765 [debug] [ThreadPool]: dbt_clickhouse adapter: On list_: /* {"app": "dbt", "dbt_version": "1.11.11", "profile_name": "northwind", "target_name": "dev", "connection_name": "list_"} */

    select name from system.databases
  ...
[0m17:29:03.812987 [debug] [ThreadPool]: dbt_clickhouse adapter: SQL status: OK in 0.01 seconds
[0m17:29:04.065908 [debug] [ThreadPool]: Re-using an available connection from the pool (formerly list_, now list__northwind)
[0m17:29:04.112134 [debug] [ThreadPool]: dbt_clickhouse adapter: On list__northwind: /* {"app": "dbt", "dbt_version": "1.11.11", "profile_name": "northwind", "target_name": "dev", "connection_name": "list__northwind"} */
with mv_sources as (
      -- Find all MVs and their target tables (database and name of the MV, plus the SELECT SQL)
      select
        name as mv_name,
        database as mv_database,
        any(as_select) as mv_sql,
        any(replaceRegexpOne(create_table_query, '.*TO\\s+`?([^`\\s(]+)`?\\.`?([^`\\s(]+)`?.*', '\\1.\\2')) as target_fqn
      
      from system.tables
      
      where engine = 'MaterializedView'
        and create_table_query like '%TO %'
      group by mv_name, mv_database
    )
    select
      t.name as name,
      t.database as schema,
      multiIf(
        t.engine = 'MaterializedView', 'materialized_view',
        t.engine = 'View', 'view',
        t.engine = 'Dictionary', 'dictionary',
        'table'
      ) as type,
      db.engine as db_engine,
      groupArrayIf(
        map('schema', mv_sources.mv_database, 'name', mv_sources.mv_name, 'sql', mv_sources.mv_sql),
        mv_sources.mv_name != ''
      ) as mvs_pointing_to_it,0 as is_on_cluster
        from system.tables as t
      
        join system.databases as db on t.database = db.name
        left join mv_sources on mv_sources.target_fqn = concat(t.database, '.', t.name)
      where schema = 'northwind'
      group by name, schema, type, db_engine

  ...
[0m17:29:04.276530 [debug] [ThreadPool]: dbt_clickhouse adapter: SQL status: OK in 0.15 seconds
[0m17:29:04.295794 [debug] [MainThread]: Sending event: {'category': 'dbt', 'action': 'runnable_timing', 'label': '145c1d6e-b200-4a7d-9a69-a98485bf9f1e', 'context': [<snowplow_tracker.self_describing_json.SelfDescribingJson object at 0x738de5ff80d0>]}
[0m17:29:04.311798 [debug] [Thread-1 (]: Began running node model.northwind_transformations.stg_order_details
[0m17:29:04.314371 [info ] [Thread-1 (]: 1 of 3 START sql table model `northwind`.`stg_order_details` ................... [RUN]
[0m17:29:04.315090 [debug] [Thread-1 (]: Re-using an available connection from the pool (formerly list__northwind, now model.northwind_transformations.stg_order_details)
[0m17:29:04.315595 [debug] [Thread-1 (]: Began compiling node model.northwind_transformations.stg_order_details
[0m17:29:04.342569 [debug] [Thread-1 (]: Writing injected SQL for node "model.northwind_transformations.stg_order_details"
[0m17:29:04.348763 [debug] [Thread-1 (]: Began executing node model.northwind_transformations.stg_order_details
[0m17:29:04.494299 [debug] [Thread-1 (]: Creating new relation stg_order_details
[0m17:29:04.569329 [debug] [Thread-1 (]: dbt_clickhouse adapter: On model.northwind_transformations.stg_order_details: /* {"app": "dbt", "dbt_version": "1.11.11", "profile_name": "northwind", "target_name": "dev", "node_id": "model.northwind_transformations.stg_order_details"} */

            

    
        create table `northwind`.`stg_order_details`
        
  
        
  engine = MergeTree()
        
      order by (tuple())
        
        
        
        
                    -- end_of_sql
                    SETTINGS replicated_deduplication_window='0'

                    
            empty
          as (
            with raw_data as (
    select
        JSONExtractInt(data, 'order_id') as order_id,
        JSONExtractInt(data, 'product_id') as product_id,
        JSONExtractFloat(data, 'unit_price') as unit_price,
        JSONExtractInt(data, 'quantity') as quantity,
        JSONExtractFloat(data, 'discount') as discount
    from northwind.ingestion
    where tag = 'northwind_order_details.csv'
)

select
    order_id,
    product_id,
    unit_price,
    quantity,
    discount,
    (unit_price * quantity) * (1 - discount) as total_price
from raw_data
          )
        
        ...
[0m17:29:04.587796 [debug] [Thread-1 (]: dbt_clickhouse adapter: SQL status: OK in 0.02 seconds
[0m17:29:04.622585 [debug] [Thread-1 (]: dbt_clickhouse adapter: On model.northwind_transformations.stg_order_details: /* {"app": "dbt", "dbt_version": "1.11.11", "profile_name": "northwind", "target_name": "dev", "node_id": "model.northwind_transformations.stg_order_details"} */

    select name, type from system.columns where table = 'stg_order_details'
    
      
        and database = 'northwind'
      
    
    order by position
  ...
[0m17:29:04.628423 [debug] [Thread-1 (]: dbt_clickhouse adapter: SQL status: OK in 0.00 seconds
[0m17:29:04.634075 [debug] [Thread-1 (]: Writing runtime sql for node "model.northwind_transformations.stg_order_details"
[0m17:29:04.637136 [debug] [Thread-1 (]: dbt_clickhouse adapter: On model.northwind_transformations.stg_order_details: /* {"app": "dbt", "dbt_version": "1.11.11", "profile_name": "northwind", "target_name": "dev", "node_id": "model.northwind_transformations.stg_order_details"} */

  
    
    
    
        
         


        
  

  insert into `northwind`.`stg_order_details`
        ("order_id", "product_id", "unit_price", "quantity", "discount", "total_price")with raw_data as (
    select
        JSONExtractInt(data, 'order_id') as order_id,
        JSONExtractInt(data, 'product_id') as product_id,
        JSONExtractFloat(data, 'unit_price') as unit_price,
        JSONExtractInt(data, 'quantity') as quantity,
        JSONExtractFloat(data, 'discount') as discount
    from northwind.ingestion
    where tag = 'northwind_order_details.csv'
)

select
    order_id,
    product_id,
    unit_price,
    quantity,
    discount,
    (unit_price * quantity) * (1 - discount) as total_price
from raw_data
  ...
[0m17:29:04.654344 [debug] [Thread-1 (]: dbt_clickhouse adapter: SQL status: OK in 0.02 seconds
[0m17:29:04.681530 [debug] [Thread-1 (]: Sending event: {'category': 'dbt', 'action': 'run_model', 'label': '145c1d6e-b200-4a7d-9a69-a98485bf9f1e', 'context': [<snowplow_tracker.self_describing_json.SelfDescribingJson object at 0x738de4662310>]}
[0m17:29:04.682503 [info ] [Thread-1 (]: 1 of 3 OK created sql table model `northwind`.`stg_order_details` .............. [[32mOK[0m in 0.37s]
[0m17:29:04.683268 [debug] [Thread-1 (]: Finished running node model.northwind_transformations.stg_order_details
[0m17:29:04.684029 [debug] [Thread-1 (]: Began running node model.northwind_transformations.stg_orders
[0m17:29:04.685360 [info ] [Thread-1 (]: 2 of 3 START sql table model `northwind`.`stg_orders` .......................... [RUN]
[0m17:29:04.685976 [debug] [Thread-1 (]: Re-using an available connection from the pool (formerly model.northwind_transformations.stg_order_details, now model.northwind_transformations.stg_orders)
[0m17:29:04.688104 [debug] [Thread-1 (]: Began compiling node model.northwind_transformations.stg_orders
[0m17:29:04.692664 [debug] [Thread-1 (]: Writing injected SQL for node "model.northwind_transformations.stg_orders"
[0m17:29:04.694386 [debug] [Thread-1 (]: Began executing node model.northwind_transformations.stg_orders
[0m17:29:04.698270 [debug] [Thread-1 (]: Creating new relation stg_orders
[0m17:29:04.700265 [debug] [Thread-1 (]: dbt_clickhouse adapter: On model.northwind_transformations.stg_orders: /* {"app": "dbt", "dbt_version": "1.11.11", "profile_name": "northwind", "target_name": "dev", "node_id": "model.northwind_transformations.stg_orders"} */

            

    
        create table `northwind`.`stg_orders`
        
  
        
  engine = MergeTree()
        
      order by (tuple())
        
        
        
        
                    -- end_of_sql
                    SETTINGS replicated_deduplication_window='0'

                    
            empty
          as (
            with raw_data as (
    select
        JSONExtractString(data, 'order_id') as order_id,
        JSONExtractString(data, 'customer_id') as customer_id,
        JSONExtractInt(data, 'employee_id') as employee_id,
        JSONExtractString(data, 'order_date') as order_date,
        JSONExtractFloat(data, 'freight') as freight,
        JSONExtractString(data, 'ship_country') as ship_country
    from northwind.ingestion
    where tag = 'northwind_orders.csv'
)

select
    toInt64(order_id) as order_id,
    customer_id,
    employee_id,
    toDate(order_date) as order_date,
    freight,
    ship_country
from raw_data
          )
        
        ...
[0m17:29:04.714594 [debug] [Thread-1 (]: dbt_clickhouse adapter: SQL status: OK in 0.01 seconds
[0m17:29:04.717741 [debug] [Thread-1 (]: dbt_clickhouse adapter: On model.northwind_transformations.stg_orders: /* {"app": "dbt", "dbt_version": "1.11.11", "profile_name": "northwind", "target_name": "dev", "node_id": "model.northwind_transformations.stg_orders"} */

    select name, type from system.columns where table = 'stg_orders'
    
      
        and database = 'northwind'
      
    
    order by position
  ...
[0m17:29:04.721582 [debug] [Thread-1 (]: dbt_clickhouse adapter: SQL status: OK in 0.00 seconds
[0m17:29:04.723731 [debug] [Thread-1 (]: Writing runtime sql for node "model.northwind_transformations.stg_orders"
[0m17:29:04.724835 [debug] [Thread-1 (]: dbt_clickhouse adapter: On model.northwind_transformations.stg_orders: /* {"app": "dbt", "dbt_version": "1.11.11", "profile_name": "northwind", "target_name": "dev", "node_id": "model.northwind_transformations.stg_orders"} */

  
    
    
    
        
         


        
  

  insert into `northwind`.`stg_orders`
        ("order_id", "customer_id", "employee_id", "order_date", "freight", "ship_country")with raw_data as (
    select
        JSONExtractString(data, 'order_id') as order_id,
        JSONExtractString(data, 'customer_id') as customer_id,
        JSONExtractInt(data, 'employee_id') as employee_id,
        JSONExtractString(data, 'order_date') as order_date,
        JSONExtractFloat(data, 'freight') as freight,
        JSONExtractString(data, 'ship_country') as ship_country
    from northwind.ingestion
    where tag = 'northwind_orders.csv'
)

select
    toInt64(order_id) as order_id,
    customer_id,
    employee_id,
    toDate(order_date) as order_date,
    freight,
    ship_country
from raw_data
  ...
[0m17:29:04.733964 [debug] [Thread-1 (]: dbt_clickhouse adapter: SQL status: OK in 0.01 seconds
[0m17:29:04.735991 [debug] [Thread-1 (]: Sending event: {'category': 'dbt', 'action': 'run_model', 'label': '145c1d6e-b200-4a7d-9a69-a98485bf9f1e', 'context': [<snowplow_tracker.self_describing_json.SelfDescribingJson object at 0x738de5e18a10>]}
[0m17:29:04.736925 [info ] [Thread-1 (]: 2 of 3 OK created sql table model `northwind`.`stg_orders` ..................... [[32mOK[0m in 0.05s]
[0m17:29:04.738194 [debug] [Thread-1 (]: Finished running node model.northwind_transformations.stg_orders
[0m17:29:04.739170 [debug] [Thread-1 (]: Began running node model.northwind_transformations.fct_sales
[0m17:29:04.739873 [info ] [Thread-1 (]: 3 of 3 START sql view model `northwind`.`fct_sales` ............................ [RUN]
[0m17:29:04.740859 [debug] [Thread-1 (]: Re-using an available connection from the pool (formerly model.northwind_transformations.stg_orders, now model.northwind_transformations.fct_sales)
[0m17:29:04.741406 [debug] [Thread-1 (]: Began compiling node model.northwind_transformations.fct_sales
[0m17:29:04.746991 [debug] [Thread-1 (]: Writing injected SQL for node "model.northwind_transformations.fct_sales"
[0m17:29:04.748342 [debug] [Thread-1 (]: Began executing node model.northwind_transformations.fct_sales
[0m17:29:04.828672 [debug] [Thread-1 (]: Creating new relation fct_sales
[0m17:29:04.840103 [debug] [Thread-1 (]: Writing runtime sql for node "model.northwind_transformations.fct_sales"
[0m17:29:04.840980 [debug] [Thread-1 (]: dbt_clickhouse adapter: On model.northwind_transformations.fct_sales: /* {"app": "dbt", "dbt_version": "1.11.11", "profile_name": "northwind", "target_name": "dev", "node_id": "model.northwind_transformations.fct_sales"} */


  create or replace view `northwind`.`fct_sales` 
  
    
  
  
    
    
  as (
    with orders as (
    select * from `northwind`.`stg_orders`
),
details as (
    select 
        order_id,
        sum(total_price) as order_total_value,
        sum(quantity) as total_items
    from `northwind`.`stg_order_details`
    group by order_id
)

select
    o.order_id,
    o.customer_id,
    o.order_date,
    o.ship_country,
    d.order_total_value,
    d.total_items
from orders o
left join details d on o.order_id = d.order_id
    
  )
      
      
                    -- end_of_sql
                    
                    ...
[0m17:29:04.848970 [debug] [Thread-1 (]: dbt_clickhouse adapter: SQL status: OK in 0.01 seconds
[0m17:29:04.850952 [debug] [Thread-1 (]: Sending event: {'category': 'dbt', 'action': 'run_model', 'label': '145c1d6e-b200-4a7d-9a69-a98485bf9f1e', 'context': [<snowplow_tracker.self_describing_json.SelfDescribingJson object at 0x738de5a5a610>]}
[0m17:29:04.851689 [info ] [Thread-1 (]: 3 of 3 OK created sql view model `northwind`.`fct_sales` ....................... [[32mOK[0m in 0.11s]
[0m17:29:04.852351 [debug] [Thread-1 (]: Finished running node model.northwind_transformations.fct_sales
[0m17:29:04.853950 [debug] [MainThread]: Connection 'master' was properly closed.
[0m17:29:04.854406 [debug] [MainThread]: Connection 'model.northwind_transformations.fct_sales' was left open.
[0m17:29:04.855122 [debug] [MainThread]: On model.northwind_transformations.fct_sales: Close
[0m17:29:04.855764 [info ] [MainThread]: 
[0m17:29:04.856473 [info ] [MainThread]: Finished running 2 table models, 1 view model in 0 hours 0 minutes and 1.22 seconds (1.22s).
[0m17:29:04.857938 [debug] [MainThread]: Command end result
[0m17:29:04.895470 [debug] [MainThread]: Wrote artifact WritableManifest to /app/northwind_transformations/target/manifest.json
[0m17:29:04.897634 [debug] [MainThread]: Wrote artifact SemanticManifest to /app/northwind_transformations/target/semantic_manifest.json
[0m17:29:04.903124 [debug] [MainThread]: Wrote artifact RunExecutionResult to /app/northwind_transformations/target/run_results.json
[0m17:29:04.903512 [info ] [MainThread]: 
[0m17:29:04.904301 [info ] [MainThread]: [32mCompleted successfully[0m
[0m17:29:04.904838 [info ] [MainThread]: 
[0m17:29:04.905432 [info ] [MainThread]: Done. PASS=3 WARN=0 ERROR=0 SKIP=0 NO-OP=0 TOTAL=3
[0m17:29:04.907102 [debug] [MainThread]: Resource report: {"command_name": "run", "command_success": true, "command_wall_clock_time": 3.2490773, "process_in_blocks": "57240", "process_kernel_time": 0.567031, "process_mem_max_rss": "129080", "process_out_blocks": "3712", "process_user_time": 3.945511}
[0m17:29:04.907729 [debug] [MainThread]: Command `dbt run` succeeded at 17:29:04.907567 after 3.25 seconds
[0m17:29:04.908191 [debug] [MainThread]: Sending event: {'category': 'dbt', 'action': 'invocation', 'label': 'end', 'context': [<snowplow_tracker.self_describing_json.SelfDescribingJson object at 0x738deaa64810>, <snowplow_tracker.self_describing_json.SelfDescribingJson object at 0x738deaa65dd0>, <snowplow_tracker.self_describing_json.SelfDescribingJson object at 0x738deaa65c50>]}
[0m17:29:04.908712 [debug] [MainThread]: Flushing usage events
[0m17:29:05.039852 [debug] [MainThread]: An error was encountered while trying to flush usage events
[0m18:04:48.685331 [debug] [MainThread]: Sending event: {'category': 'dbt', 'action': 'invocation', 'label': 'start', 'context': [<snowplow_tracker.self_describing_json.SelfDescribingJson object at 0x7c4222a04770>, <snowplow_tracker.self_describing_json.SelfDescribingJson object at 0x7c4223a24740>, <snowplow_tracker.self_describing_json.SelfDescribingJson object at 0x7c4223a27650>]}


============================== 18:04:48.780366 | 34e2b3fa-c125-48b4-ab0c-9901a0c0ca57 ==============================
[0m18:04:48.780366 [info ] [MainThread]: Running with dbt=1.11.11
[0m18:04:48.785068 [debug] [MainThread]: running dbt with arguments {'write_json': 'True', 'send_anonymous_usage_stats': 'True', 'indirect_selection': 'eager', 'static_parser': 'True', 'use_experimental_parser': 'False', 'warn_error': 'None', 'introspect': 'True', 'cache_selected_only': 'False', 'warn_error_options': 'WarnErrorOptionsV2(error=[], warn=[], silence=[])', 'printer_width': '80', 'log_cache_events': 'False', 'partial_parse': 'True', 'log_path': '/workspaces/20261sre-projeto-final/northwind_transformations/logs', 'profiles_dir': '/workspaces/20261sre-projeto-final/northwind_transformations', 'use_colors': 'True', 'version_check': 'True', 'log_format': 'default', 'no_print': 'None', 'empty': 'None', 'invocation_command': 'dbt test', 'target_path': 'None', 'fail_fast': 'False', 'quiet': 'False', 'debug': 'False'}
[0m18:04:49.230023 [debug] [MainThread]: Sending event: {'category': 'dbt', 'action': 'project_id', 'label': '34e2b3fa-c125-48b4-ab0c-9901a0c0ca57', 'context': [<snowplow_tracker.self_describing_json.SelfDescribingJson object at 0x7c4222bf2d50>]}
[0m18:04:49.347761 [debug] [MainThread]: Sending event: {'category': 'dbt', 'action': 'adapter_info', 'label': '34e2b3fa-c125-48b4-ab0c-9901a0c0ca57', 'context': [<snowplow_tracker.self_describing_json.SelfDescribingJson object at 0x7c422293de80>]}
[0m18:04:49.349320 [info ] [MainThread]: Registered adapter: clickhouse=1.10.0
[0m18:04:49.635164 [debug] [MainThread]: checksum: 30a8cc8fdcbf66701b0944d4ccce3fa46dd04b61e5df68b9f16d57b2e0e3f0be, vars: {}, profile: , target: , version: 1.11.11
[0m18:04:49.749205 [info ] [MainThread]: Unable to do partial parsing because profile has changed
[0m18:04:49.750056 [debug] [MainThread]: Sending event: {'category': 'dbt', 'action': 'partial_parser', 'label': '34e2b3fa-c125-48b4-ab0c-9901a0c0ca57', 'context': [<snowplow_tracker.self_describing_json.SelfDescribingJson object at 0x7c4222897230>]}
[0m18:04:52.021194 [debug] [MainThread]: Sending event: {'category': 'dbt', 'action': 'load_project', 'label': '34e2b3fa-c125-48b4-ab0c-9901a0c0ca57', 'context': [<snowplow_tracker.self_describing_json.SelfDescribingJson object at 0x7c4222340f20>]}
[0m18:04:52.184373 [debug] [MainThread]: Wrote artifact WritableManifest to /workspaces/20261sre-projeto-final/northwind_transformations/target/manifest.json
[0m18:04:52.188498 [debug] [MainThread]: Wrote artifact SemanticManifest to /workspaces/20261sre-projeto-final/northwind_transformations/target/semantic_manifest.json
[0m18:04:52.266584 [debug] [MainThread]: Sending event: {'category': 'dbt', 'action': 'resource_counts', 'label': '34e2b3fa-c125-48b4-ab0c-9901a0c0ca57', 'context': [<snowplow_tracker.self_describing_json.SelfDescribingJson object at 0x7c4221da2c90>]}
[0m18:04:52.267674 [info ] [MainThread]: Found 3 models, 523 macros
[0m18:04:52.269369 [debug] [MainThread]: Sending event: {'category': 'dbt', 'action': 'runnable_timing', 'label': '34e2b3fa-c125-48b4-ab0c-9901a0c0ca57', 'context': [<snowplow_tracker.self_describing_json.SelfDescribingJson object at 0x7c4222340290>]}
[0m18:04:52.271536 [warn ] [MainThread]: Nothing to do. Try checking your model configs and model specification args
[0m18:04:52.272544 [debug] [MainThread]: Command end result
[0m18:04:52.323216 [debug] [MainThread]: Wrote artifact WritableManifest to /workspaces/20261sre-projeto-final/northwind_transformations/target/manifest.json
[0m18:04:52.325971 [debug] [MainThread]: Wrote artifact SemanticManifest to /workspaces/20261sre-projeto-final/northwind_transformations/target/semantic_manifest.json
[0m18:04:52.330044 [debug] [MainThread]: Wrote artifact RunExecutionResult to /workspaces/20261sre-projeto-final/northwind_transformations/target/run_results.json
[0m18:04:52.331943 [debug] [MainThread]: Resource report: {"command_name": "test", "command_success": true, "command_wall_clock_time": 3.7366145, "process_in_blocks": "8616", "process_kernel_time": 0.520401, "process_mem_max_rss": "134712", "process_out_blocks": "3632", "process_user_time": 6.107466}
[0m18:04:52.332696 [debug] [MainThread]: Command `dbt test` succeeded at 18:04:52.332527 after 3.74 seconds
[0m18:04:52.333313 [debug] [MainThread]: Sending event: {'category': 'dbt', 'action': 'invocation', 'label': 'end', 'context': [<snowplow_tracker.self_describing_json.SelfDescribingJson object at 0x7c42229e2ab0>, <snowplow_tracker.self_describing_json.SelfDescribingJson object at 0x7c42222e5610>, <snowplow_tracker.self_describing_json.SelfDescribingJson object at 0x7c422239f620>]}
[0m18:04:52.334046 [debug] [MainThread]: Flushing usage events
[0m18:04:52.445392 [debug] [MainThread]: An error was encountered while trying to flush usage events
[0m18:05:20.493142 [debug] [MainThread]: Sending event: {'category': 'dbt', 'action': 'invocation', 'label': 'start', 'context': [<snowplow_tracker.self_describing_json.SelfDescribingJson object at 0x790c6d16e510>, <snowplow_tracker.self_describing_json.SelfDescribingJson object at 0x790c6da79fa0>, <snowplow_tracker.self_describing_json.SelfDescribingJson object at 0x790c6cf64980>]}


============================== 18:05:20.499522 | 10efd863-b1ba-424b-b9b0-bd5fbe0b377b ==============================
[0m18:05:20.499522 [info ] [MainThread]: Running with dbt=1.11.11
[0m18:05:20.501052 [debug] [MainThread]: running dbt with arguments {'profiles_dir': '/workspaces/20261sre-projeto-final/northwind_transformations', 'target_path': 'None', 'partial_parse': 'True', 'quiet': 'False', 'fail_fast': 'False', 'send_anonymous_usage_stats': 'True', 'log_cache_events': 'False', 'log_path': '/workspaces/20261sre-projeto-final/northwind_transformations/logs', 'use_experimental_parser': 'False', 'log_format': 'default', 'debug': 'False', 'no_print': 'None', 'warn_error_options': 'WarnErrorOptionsV2(error=[], warn=[], silence=[])', 'write_json': 'True', 'warn_error': 'None', 'static_parser': 'True', 'invocation_command': 'dbt test', 'indirect_selection': 'eager', 'empty': 'None', 'introspect': 'True', 'cache_selected_only': 'False', 'version_check': 'True', 'printer_width': '80', 'use_colors': 'True'}
[0m18:05:20.994978 [debug] [MainThread]: Sending event: {'category': 'dbt', 'action': 'project_id', 'label': '10efd863-b1ba-424b-b9b0-bd5fbe0b377b', 'context': [<snowplow_tracker.self_describing_json.SelfDescribingJson object at 0x790c6d6903b0>]}
[0m18:05:21.087522 [debug] [MainThread]: Sending event: {'category': 'dbt', 'action': 'adapter_info', 'label': '10efd863-b1ba-424b-b9b0-bd5fbe0b377b', 'context': [<snowplow_tracker.self_describing_json.SelfDescribingJson object at 0x790c6ec977a0>]}
[0m18:05:21.089118 [info ] [MainThread]: Registered adapter: clickhouse=1.10.0
[0m18:05:21.321073 [debug] [MainThread]: checksum: 30a8cc8fdcbf66701b0944d4ccce3fa46dd04b61e5df68b9f16d57b2e0e3f0be, vars: {}, profile: , target: , version: 1.11.11
[0m18:05:21.430699 [debug] [MainThread]: Partial parsing enabled: 0 files deleted, 2 files added, 0 files changed.
[0m18:05:21.432054 [debug] [MainThread]: Partial parsing: added file: northwind_transformations://models/gold/schema.yml
[0m18:05:21.432930 [debug] [MainThread]: Partial parsing: added file: northwind_transformations://models/silver/schema.yml
[0m18:05:22.073879 [debug] [MainThread]: Sending event: {'category': 'dbt', 'action': 'load_project', 'label': '10efd863-b1ba-424b-b9b0-bd5fbe0b377b', 'context': [<snowplow_tracker.self_describing_json.SelfDescribingJson object at 0x790c6bf9f8c0>]}
[0m18:05:22.183866 [debug] [MainThread]: Wrote artifact WritableManifest to /workspaces/20261sre-projeto-final/northwind_transformations/target/manifest.json
[0m18:05:22.187751 [debug] [MainThread]: Wrote artifact SemanticManifest to /workspaces/20261sre-projeto-final/northwind_transformations/target/semantic_manifest.json
[0m18:05:22.209841 [debug] [MainThread]: Sending event: {'category': 'dbt', 'action': 'resource_counts', 'label': '10efd863-b1ba-424b-b9b0-bd5fbe0b377b', 'context': [<snowplow_tracker.self_describing_json.SelfDescribingJson object at 0x790c6be7bd70>]}
[0m18:05:22.210744 [info ] [MainThread]: Found 3 models, 8 data tests, 523 macros
[0m18:05:22.211435 [debug] [MainThread]: Sending event: {'category': 'dbt', 'action': 'runnable_timing', 'label': '10efd863-b1ba-424b-b9b0-bd5fbe0b377b', 'context': [<snowplow_tracker.self_describing_json.SelfDescribingJson object at 0x790c6c4a9880>]}
[0m18:05:22.213974 [info ] [MainThread]: 
[0m18:05:22.214731 [info ] [MainThread]: Concurrency: 1 threads (target='dev')
[0m18:05:22.216000 [info ] [MainThread]: 
[0m18:05:22.217636 [debug] [MainThread]: Acquiring new clickhouse connection 'master'
[0m18:05:22.227914 [debug] [ThreadPool]: Acquiring new clickhouse connection 'list__northwind'
[0m18:05:22.242839 [debug] [ThreadPool]: Opening a new connection, currently in state init
[0m18:05:22.692161 [debug] [ThreadPool]: dbt_clickhouse adapter: On list__northwind: /* {"app": "dbt", "dbt_version": "1.11.11", "profile_name": "northwind", "target_name": "dev", "connection_name": "list__northwind"} */
with mv_sources as (
      -- Find all MVs and their target tables (database and name of the MV, plus the SELECT SQL)
      select
        name as mv_name,
        database as mv_database,
        any(as_select) as mv_sql,
        any(replaceRegexpOne(create_table_query, '.*TO\\s+`?([^`\\s(]+)`?\\.`?([^`\\s(]+)`?.*', '\\1.\\2')) as target_fqn
      
      from system.tables
      
      where engine = 'MaterializedView'
        and create_table_query like '%TO %'
      group by mv_name, mv_database
    )
    select
      t.name as name,
      t.database as schema,
      multiIf(
        t.engine = 'MaterializedView', 'materialized_view',
        t.engine = 'View', 'view',
        t.engine = 'Dictionary', 'dictionary',
        'table'
      ) as type,
      db.engine as db_engine,
      groupArrayIf(
        map('schema', mv_sources.mv_database, 'name', mv_sources.mv_name, 'sql', mv_sources.mv_sql),
        mv_sources.mv_name != ''
      ) as mvs_pointing_to_it,0 as is_on_cluster
        from system.tables as t
      
        join system.databases as db on t.database = db.name
        left join mv_sources on mv_sources.target_fqn = concat(t.database, '.', t.name)
      where schema = 'northwind'
      group by name, schema, type, db_engine

  ...
[0m18:05:23.114036 [debug] [ThreadPool]: dbt_clickhouse adapter: SQL status: OK in 0.42 seconds
[0m18:05:23.293799 [debug] [MainThread]: Sending event: {'category': 'dbt', 'action': 'runnable_timing', 'label': '10efd863-b1ba-424b-b9b0-bd5fbe0b377b', 'context': [<snowplow_tracker.self_describing_json.SelfDescribingJson object at 0x790c6f1f22d0>]}
[0m18:05:23.299104 [debug] [Thread-1 (]: Began running node test.northwind_transformations.not_null_fct_sales_order_id.4987638769
[0m18:05:23.300191 [info ] [Thread-1 (]: 1 of 8 START test not_null_fct_sales_order_id .................................. [RUN]
[0m18:05:23.302269 [debug] [Thread-1 (]: Re-using an available connection from the pool (formerly list__northwind, now test.northwind_transformations.not_null_fct_sales_order_id.4987638769)
[0m18:05:23.303157 [debug] [Thread-1 (]: Began compiling node test.northwind_transformations.not_null_fct_sales_order_id.4987638769
[0m18:05:23.324253 [debug] [Thread-1 (]: Writing injected SQL for node "test.northwind_transformations.not_null_fct_sales_order_id.4987638769"
[0m18:05:23.325731 [debug] [Thread-1 (]: Began executing node test.northwind_transformations.not_null_fct_sales_order_id.4987638769
[0m18:05:23.357951 [debug] [Thread-1 (]: Writing runtime sql for node "test.northwind_transformations.not_null_fct_sales_order_id.4987638769"
[0m18:05:23.359533 [debug] [Thread-1 (]: dbt_clickhouse adapter: On test.northwind_transformations.not_null_fct_sales_order_id.4987638769: /* {"app": "dbt", "dbt_version": "1.11.11", "profile_name": "northwind", "target_name": "dev", "node_id": "test.northwind_transformations.not_null_fct_sales_order_id.4987638769"} */

    
    select
      count(*) as failures,
      count(*) != 0 as should_warn,
      count(*) != 0 as should_error
    from (
      
    
  
    
    



select order_id
from `northwind`.`fct_sales`
where order_id is null



  
  
    ) dbt_internal_test...
[0m18:05:23.420126 [debug] [Thread-1 (]: dbt_clickhouse adapter: SQL status: OK in 0.06 seconds
[0m18:05:23.427390 [info ] [Thread-1 (]: 1 of 8 PASS not_null_fct_sales_order_id ........................................ [[32mPASS[0m in 0.13s]
[0m18:05:23.428842 [debug] [Thread-1 (]: Finished running node test.northwind_transformations.not_null_fct_sales_order_id.4987638769
[0m18:05:23.429554 [debug] [Thread-1 (]: Began running node test.northwind_transformations.not_null_fct_sales_product_id.05d2f5cb84
[0m18:05:23.430494 [info ] [Thread-1 (]: 2 of 8 START test not_null_fct_sales_product_id ................................ [RUN]
[0m18:05:23.431455 [debug] [Thread-1 (]: Re-using an available connection from the pool (formerly test.northwind_transformations.not_null_fct_sales_order_id.4987638769, now test.northwind_transformations.not_null_fct_sales_product_id.05d2f5cb84)
[0m18:05:23.432240 [debug] [Thread-1 (]: Began compiling node test.northwind_transformations.not_null_fct_sales_product_id.05d2f5cb84
[0m18:05:23.437394 [debug] [Thread-1 (]: Writing injected SQL for node "test.northwind_transformations.not_null_fct_sales_product_id.05d2f5cb84"
[0m18:05:23.438944 [debug] [Thread-1 (]: Began executing node test.northwind_transformations.not_null_fct_sales_product_id.05d2f5cb84
[0m18:05:23.443883 [debug] [Thread-1 (]: Writing runtime sql for node "test.northwind_transformations.not_null_fct_sales_product_id.05d2f5cb84"
[0m18:05:23.445297 [debug] [Thread-1 (]: dbt_clickhouse adapter: On test.northwind_transformations.not_null_fct_sales_product_id.05d2f5cb84: /* {"app": "dbt", "dbt_version": "1.11.11", "profile_name": "northwind", "target_name": "dev", "node_id": "test.northwind_transformations.not_null_fct_sales_product_id.05d2f5cb84"} */

    
    select
      count(*) as failures,
      count(*) != 0 as should_warn,
      count(*) != 0 as should_error
    from (
      
    
  
    
    



select product_id
from `northwind`.`fct_sales`
where product_id is null



  
  
    ) dbt_internal_test...
[0m18:05:23.527779 [debug] [Thread-1 (]: dbt_clickhouse adapter: Error running SQL: /* {"app": "dbt", "dbt_version": "1.11.11", "profile_name": "northwind", "target_name": "dev", "node_id": "test.northwind_transformations.not_null_fct_sales_product_id.05d2f5cb84"} */

    
    select
      count(*) as failures,
      count(*) != 0 as should_warn,
      count(*) != 0 as should_error
    from (
      
    
  
    
    



select product_id
from `northwind`.`fct_sales`
where product_id is null



  
  
    ) dbt_internal_test
[0m18:05:23.539358 [debug] [Thread-1 (]: Database Error in test not_null_fct_sales_product_id (models/gold/schema.yml)
  Received ClickHouse exception, code: 47, server response: Code: 47. DB::Exception: Unknown expression identifier `product_id` in scope SELECT product_id FROM northwind.fct_sales WHERE product_id IS NULL. (UNKNOWN_IDENTIFIER) (for url http://localhost:8123)
  compiled code at target/run/northwind_transformations/models/gold/schema.yml/not_null_fct_sales_product_id.sql
[0m18:05:23.540745 [error] [Thread-1 (]: 2 of 8 ERROR not_null_fct_sales_product_id ..................................... [[31mERROR[0m in 0.11s]
[0m18:05:23.543445 [debug] [Thread-1 (]: Finished running node test.northwind_transformations.not_null_fct_sales_product_id.05d2f5cb84
[0m18:05:23.545860 [debug] [Thread-1 (]: Began running node test.northwind_transformations.not_null_fct_sales_total_price.57fc6b1e2f
[0m18:05:23.551831 [info ] [Thread-1 (]: 3 of 8 START test not_null_fct_sales_total_price ............................... [RUN]
[0m18:05:23.548912 [debug] [Thread-4 (]: Marking all children of 'test.northwind_transformations.not_null_fct_sales_product_id.05d2f5cb84' to be skipped because of status 'error'.  Reason: Database Error in test not_null_fct_sales_product_id (models/gold/schema.yml)
  Received ClickHouse exception, code: 47, server response: Code: 47. DB::Exception: Unknown expression identifier `product_id` in scope SELECT product_id FROM northwind.fct_sales WHERE product_id IS NULL. (UNKNOWN_IDENTIFIER) (for url http://localhost:8123)
  compiled code at target/run/northwind_transformations/models/gold/schema.yml/not_null_fct_sales_product_id.sql.
[0m18:05:23.555242 [debug] [Thread-1 (]: Re-using an available connection from the pool (formerly test.northwind_transformations.not_null_fct_sales_product_id.05d2f5cb84, now test.northwind_transformations.not_null_fct_sales_total_price.57fc6b1e2f)
[0m18:05:23.557248 [debug] [Thread-1 (]: Began compiling node test.northwind_transformations.not_null_fct_sales_total_price.57fc6b1e2f
[0m18:05:23.568229 [debug] [Thread-1 (]: Writing injected SQL for node "test.northwind_transformations.not_null_fct_sales_total_price.57fc6b1e2f"
[0m18:05:23.569433 [debug] [Thread-1 (]: Began executing node test.northwind_transformations.not_null_fct_sales_total_price.57fc6b1e2f
[0m18:05:23.576832 [debug] [Thread-1 (]: Writing runtime sql for node "test.northwind_transformations.not_null_fct_sales_total_price.57fc6b1e2f"
[0m18:05:23.578328 [debug] [Thread-1 (]: dbt_clickhouse adapter: On test.northwind_transformations.not_null_fct_sales_total_price.57fc6b1e2f: /* {"app": "dbt", "dbt_version": "1.11.11", "profile_name": "northwind", "target_name": "dev", "node_id": "test.northwind_transformations.not_null_fct_sales_total_price.57fc6b1e2f"} */

    
    select
      count(*) as failures,
      count(*) != 0 as should_warn,
      count(*) != 0 as should_error
    from (
      
    
  
    
    



select total_price
from `northwind`.`fct_sales`
where total_price is null



  
  
    ) dbt_internal_test...
[0m18:05:23.582579 [debug] [Thread-1 (]: dbt_clickhouse adapter: Error running SQL: /* {"app": "dbt", "dbt_version": "1.11.11", "profile_name": "northwind", "target_name": "dev", "node_id": "test.northwind_transformations.not_null_fct_sales_total_price.57fc6b1e2f"} */

    
    select
      count(*) as failures,
      count(*) != 0 as should_warn,
      count(*) != 0 as should_error
    from (
      
    
  
    
    



select total_price
from `northwind`.`fct_sales`
where total_price is null



  
  
    ) dbt_internal_test
[0m18:05:23.587740 [debug] [Thread-1 (]: Database Error in test not_null_fct_sales_total_price (models/gold/schema.yml)
  Received ClickHouse exception, code: 47, server response: Code: 47. DB::Exception: Unknown expression identifier `total_price` in scope SELECT total_price FROM northwind.fct_sales WHERE total_price IS NULL. (UNKNOWN_IDENTIFIER) (for url http://localhost:8123)
  compiled code at target/run/northwind_transformations/models/gold/schema.yml/not_null_fct_sales_total_price.sql
[0m18:05:23.588605 [error] [Thread-1 (]: 3 of 8 ERROR not_null_fct_sales_total_price .................................... [[31mERROR[0m in 0.04s]
[0m18:05:23.589824 [debug] [Thread-1 (]: Finished running node test.northwind_transformations.not_null_fct_sales_total_price.57fc6b1e2f
[0m18:05:23.590613 [debug] [Thread-1 (]: Began running node test.northwind_transformations.not_null_stg_order_details_order_id.c4b83821af
[0m18:05:23.591425 [debug] [Thread-4 (]: Marking all children of 'test.northwind_transformations.not_null_fct_sales_total_price.57fc6b1e2f' to be skipped because of status 'error'.  Reason: Database Error in test not_null_fct_sales_total_price (models/gold/schema.yml)
  Received ClickHouse exception, code: 47, server response: Code: 47. DB::Exception: Unknown expression identifier `total_price` in scope SELECT total_price FROM northwind.fct_sales WHERE total_price IS NULL. (UNKNOWN_IDENTIFIER) (for url http://localhost:8123)
  compiled code at target/run/northwind_transformations/models/gold/schema.yml/not_null_fct_sales_total_price.sql.
[0m18:05:23.592161 [info ] [Thread-1 (]: 4 of 8 START test not_null_stg_order_details_order_id .......................... [RUN]
[0m18:05:23.593398 [debug] [Thread-1 (]: Re-using an available connection from the pool (formerly test.northwind_transformations.not_null_fct_sales_total_price.57fc6b1e2f, now test.northwind_transformations.not_null_stg_order_details_order_id.c4b83821af)
[0m18:05:23.594353 [debug] [Thread-1 (]: Began compiling node test.northwind_transformations.not_null_stg_order_details_order_id.c4b83821af
[0m18:05:23.600342 [debug] [Thread-1 (]: Writing injected SQL for node "test.northwind_transformations.not_null_stg_order_details_order_id.c4b83821af"
[0m18:05:23.601733 [debug] [Thread-1 (]: Began executing node test.northwind_transformations.not_null_stg_order_details_order_id.c4b83821af
[0m18:05:23.607604 [debug] [Thread-1 (]: Writing runtime sql for node "test.northwind_transformations.not_null_stg_order_details_order_id.c4b83821af"
[0m18:05:23.609110 [debug] [Thread-1 (]: dbt_clickhouse adapter: On test.northwind_transformations.not_null_stg_order_details_order_id.c4b83821af: /* {"app": "dbt", "dbt_version": "1.11.11", "profile_name": "northwind", "target_name": "dev", "node_id": "test.northwind_transformations.not_null_stg_order_details_order_id.c4b83821af"} */

    
    select
      count(*) as failures,
      count(*) != 0 as should_warn,
      count(*) != 0 as should_error
    from (
      
    
  
    
    



select order_id
from `northwind`.`stg_order_details`
where order_id is null



  
  
    ) dbt_internal_test...
[0m18:05:23.616421 [debug] [Thread-1 (]: dbt_clickhouse adapter: SQL status: OK in 0.01 seconds
[0m18:05:23.622133 [info ] [Thread-1 (]: 4 of 8 PASS not_null_stg_order_details_order_id ................................ [[32mPASS[0m in 0.03s]
[0m18:05:23.625317 [debug] [Thread-1 (]: Finished running node test.northwind_transformations.not_null_stg_order_details_order_id.c4b83821af
[0m18:05:23.626588 [debug] [Thread-1 (]: Began running node test.northwind_transformations.not_null_stg_order_details_product_id.817da0fb10
[0m18:05:23.628143 [info ] [Thread-1 (]: 5 of 8 START test not_null_stg_order_details_product_id ........................ [RUN]
[0m18:05:23.629553 [debug] [Thread-1 (]: Re-using an available connection from the pool (formerly test.northwind_transformations.not_null_stg_order_details_order_id.c4b83821af, now test.northwind_transformations.not_null_stg_order_details_product_id.817da0fb10)
[0m18:05:23.632430 [debug] [Thread-1 (]: Began compiling node test.northwind_transformations.not_null_stg_order_details_product_id.817da0fb10
[0m18:05:23.640707 [debug] [Thread-1 (]: Writing injected SQL for node "test.northwind_transformations.not_null_stg_order_details_product_id.817da0fb10"
[0m18:05:23.642490 [debug] [Thread-1 (]: Began executing node test.northwind_transformations.not_null_stg_order_details_product_id.817da0fb10
[0m18:05:23.647894 [debug] [Thread-1 (]: Writing runtime sql for node "test.northwind_transformations.not_null_stg_order_details_product_id.817da0fb10"
[0m18:05:23.650234 [debug] [Thread-1 (]: dbt_clickhouse adapter: On test.northwind_transformations.not_null_stg_order_details_product_id.817da0fb10: /* {"app": "dbt", "dbt_version": "1.11.11", "profile_name": "northwind", "target_name": "dev", "node_id": "test.northwind_transformations.not_null_stg_order_details_product_id.817da0fb10"} */

    
    select
      count(*) as failures,
      count(*) != 0 as should_warn,
      count(*) != 0 as should_error
    from (
      
    
  
    
    



select product_id
from `northwind`.`stg_order_details`
where product_id is null



  
  
    ) dbt_internal_test...
[0m18:05:23.660696 [debug] [Thread-1 (]: dbt_clickhouse adapter: SQL status: OK in 0.01 seconds
[0m18:05:23.663669 [info ] [Thread-1 (]: 5 of 8 PASS not_null_stg_order_details_product_id .............................. [[32mPASS[0m in 0.03s]
[0m18:05:23.665308 [debug] [Thread-1 (]: Finished running node test.northwind_transformations.not_null_stg_order_details_product_id.817da0fb10
[0m18:05:23.666492 [debug] [Thread-1 (]: Began running node test.northwind_transformations.not_null_stg_orders_customer_id.af79d5e4b5
[0m18:05:23.667275 [info ] [Thread-1 (]: 6 of 8 START test not_null_stg_orders_customer_id .............................. [RUN]
[0m18:05:23.668958 [debug] [Thread-1 (]: Re-using an available connection from the pool (formerly test.northwind_transformations.not_null_stg_order_details_product_id.817da0fb10, now test.northwind_transformations.not_null_stg_orders_customer_id.af79d5e4b5)
[0m18:05:23.669773 [debug] [Thread-1 (]: Began compiling node test.northwind_transformations.not_null_stg_orders_customer_id.af79d5e4b5
[0m18:05:23.678276 [debug] [Thread-1 (]: Writing injected SQL for node "test.northwind_transformations.not_null_stg_orders_customer_id.af79d5e4b5"
[0m18:05:23.679237 [debug] [Thread-1 (]: Began executing node test.northwind_transformations.not_null_stg_orders_customer_id.af79d5e4b5
[0m18:05:23.682731 [debug] [Thread-1 (]: Writing runtime sql for node "test.northwind_transformations.not_null_stg_orders_customer_id.af79d5e4b5"
[0m18:05:23.684075 [debug] [Thread-1 (]: dbt_clickhouse adapter: On test.northwind_transformations.not_null_stg_orders_customer_id.af79d5e4b5: /* {"app": "dbt", "dbt_version": "1.11.11", "profile_name": "northwind", "target_name": "dev", "node_id": "test.northwind_transformations.not_null_stg_orders_customer_id.af79d5e4b5"} */

    
    select
      count(*) as failures,
      count(*) != 0 as should_warn,
      count(*) != 0 as should_error
    from (
      
    
  
    
    



select customer_id
from `northwind`.`stg_orders`
where customer_id is null



  
  
    ) dbt_internal_test...
[0m18:05:23.692105 [debug] [Thread-1 (]: dbt_clickhouse adapter: SQL status: OK in 0.01 seconds
[0m18:05:23.694455 [info ] [Thread-1 (]: 6 of 8 PASS not_null_stg_orders_customer_id .................................... [[32mPASS[0m in 0.03s]
[0m18:05:23.695690 [debug] [Thread-1 (]: Finished running node test.northwind_transformations.not_null_stg_orders_customer_id.af79d5e4b5
[0m18:05:23.696534 [debug] [Thread-1 (]: Began running node test.northwind_transformations.not_null_stg_orders_order_id.81cfe2fe64
[0m18:05:23.697582 [info ] [Thread-1 (]: 7 of 8 START test not_null_stg_orders_order_id ................................. [RUN]
[0m18:05:23.698578 [debug] [Thread-1 (]: Re-using an available connection from the pool (formerly test.northwind_transformations.not_null_stg_orders_customer_id.af79d5e4b5, now test.northwind_transformations.not_null_stg_orders_order_id.81cfe2fe64)
[0m18:05:23.699585 [debug] [Thread-1 (]: Began compiling node test.northwind_transformations.not_null_stg_orders_order_id.81cfe2fe64
[0m18:05:23.706736 [debug] [Thread-1 (]: Writing injected SQL for node "test.northwind_transformations.not_null_stg_orders_order_id.81cfe2fe64"
[0m18:05:23.707885 [debug] [Thread-1 (]: Began executing node test.northwind_transformations.not_null_stg_orders_order_id.81cfe2fe64
[0m18:05:23.711108 [debug] [Thread-1 (]: Writing runtime sql for node "test.northwind_transformations.not_null_stg_orders_order_id.81cfe2fe64"
[0m18:05:23.712299 [debug] [Thread-1 (]: dbt_clickhouse adapter: On test.northwind_transformations.not_null_stg_orders_order_id.81cfe2fe64: /* {"app": "dbt", "dbt_version": "1.11.11", "profile_name": "northwind", "target_name": "dev", "node_id": "test.northwind_transformations.not_null_stg_orders_order_id.81cfe2fe64"} */

    
    select
      count(*) as failures,
      count(*) != 0 as should_warn,
      count(*) != 0 as should_error
    from (
      
    
  
    
    



select order_id
from `northwind`.`stg_orders`
where order_id is null



  
  
    ) dbt_internal_test...
[0m18:05:23.718803 [debug] [Thread-1 (]: dbt_clickhouse adapter: SQL status: OK in 0.01 seconds
[0m18:05:23.722249 [info ] [Thread-1 (]: 7 of 8 PASS not_null_stg_orders_order_id ....................................... [[32mPASS[0m in 0.02s]
[0m18:05:23.723758 [debug] [Thread-1 (]: Finished running node test.northwind_transformations.not_null_stg_orders_order_id.81cfe2fe64
[0m18:05:23.724934 [debug] [Thread-1 (]: Began running node test.northwind_transformations.unique_stg_orders_order_id.e3b841c71a
[0m18:05:23.726365 [info ] [Thread-1 (]: 8 of 8 START test unique_stg_orders_order_id ................................... [RUN]
[0m18:05:23.727553 [debug] [Thread-1 (]: Re-using an available connection from the pool (formerly test.northwind_transformations.not_null_stg_orders_order_id.81cfe2fe64, now test.northwind_transformations.unique_stg_orders_order_id.e3b841c71a)
[0m18:05:23.728647 [debug] [Thread-1 (]: Began compiling node test.northwind_transformations.unique_stg_orders_order_id.e3b841c71a
[0m18:05:23.741404 [debug] [Thread-1 (]: Writing injected SQL for node "test.northwind_transformations.unique_stg_orders_order_id.e3b841c71a"
[0m18:05:23.743243 [debug] [Thread-1 (]: Began executing node test.northwind_transformations.unique_stg_orders_order_id.e3b841c71a
[0m18:05:23.753282 [debug] [Thread-1 (]: Writing runtime sql for node "test.northwind_transformations.unique_stg_orders_order_id.e3b841c71a"
[0m18:05:23.755583 [debug] [Thread-1 (]: dbt_clickhouse adapter: On test.northwind_transformations.unique_stg_orders_order_id.e3b841c71a: /* {"app": "dbt", "dbt_version": "1.11.11", "profile_name": "northwind", "target_name": "dev", "node_id": "test.northwind_transformations.unique_stg_orders_order_id.e3b841c71a"} */

    
    select
      count(*) as failures,
      count(*) != 0 as should_warn,
      count(*) != 0 as should_error
    from (
      
    
  
    
    

select
    order_id as unique_field,
    count(*) as n_records

from `northwind`.`stg_orders`
where order_id is not null
group by order_id
having count(*) > 1



  
  
    ) dbt_internal_test...
[0m18:05:23.774666 [debug] [Thread-1 (]: dbt_clickhouse adapter: SQL status: OK in 0.02 seconds
[0m18:05:23.778770 [info ] [Thread-1 (]: 8 of 8 PASS unique_stg_orders_order_id ......................................... [[32mPASS[0m in 0.05s]
[0m18:05:23.780184 [debug] [Thread-1 (]: Finished running node test.northwind_transformations.unique_stg_orders_order_id.e3b841c71a
[0m18:05:23.782742 [debug] [MainThread]: Connection 'master' was properly closed.
[0m18:05:23.783578 [debug] [MainThread]: Connection 'test.northwind_transformations.unique_stg_orders_order_id.e3b841c71a' was left open.
[0m18:05:23.784269 [debug] [MainThread]: On test.northwind_transformations.unique_stg_orders_order_id.e3b841c71a: Close
[0m18:05:23.785693 [info ] [MainThread]: 
[0m18:05:23.787421 [info ] [MainThread]: Finished running 8 data tests in 0 hours 0 minutes and 1.57 seconds (1.57s).
[0m18:05:23.790929 [debug] [MainThread]: Command end result
[0m18:05:23.851413 [debug] [MainThread]: Wrote artifact WritableManifest to /workspaces/20261sre-projeto-final/northwind_transformations/target/manifest.json
[0m18:05:23.858606 [debug] [MainThread]: Wrote artifact SemanticManifest to /workspaces/20261sre-projeto-final/northwind_transformations/target/semantic_manifest.json
[0m18:05:23.871013 [debug] [MainThread]: Wrote artifact RunExecutionResult to /workspaces/20261sre-projeto-final/northwind_transformations/target/run_results.json
[0m18:05:23.871790 [info ] [MainThread]: 
[0m18:05:23.872582 [info ] [MainThread]: [31mCompleted with 2 errors, 0 partial successes, and 0 warnings:[0m
[0m18:05:23.873294 [info ] [MainThread]: 
[0m18:05:23.874266 [error] [MainThread]: [31mFailure in test not_null_fct_sales_product_id (models/gold/schema.yml)[0m
[0m18:05:23.875258 [error] [MainThread]:   Database Error in test not_null_fct_sales_product_id (models/gold/schema.yml)
  Received ClickHouse exception, code: 47, server response: Code: 47. DB::Exception: Unknown expression identifier `product_id` in scope SELECT product_id FROM northwind.fct_sales WHERE product_id IS NULL. (UNKNOWN_IDENTIFIER) (for url http://localhost:8123)
  compiled code at target/run/northwind_transformations/models/gold/schema.yml/not_null_fct_sales_product_id.sql
[0m18:05:23.875971 [info ] [MainThread]: 
[0m18:05:23.876925 [info ] [MainThread]:   compiled code at target/compiled/northwind_transformations/models/gold/schema.yml/not_null_fct_sales_product_id.sql
[0m18:05:23.877597 [info ] [MainThread]: 
[0m18:05:23.878545 [error] [MainThread]: [31mFailure in test not_null_fct_sales_total_price (models/gold/schema.yml)[0m
[0m18:05:23.879420 [error] [MainThread]:   Database Error in test not_null_fct_sales_total_price (models/gold/schema.yml)
  Received ClickHouse exception, code: 47, server response: Code: 47. DB::Exception: Unknown expression identifier `total_price` in scope SELECT total_price FROM northwind.fct_sales WHERE total_price IS NULL. (UNKNOWN_IDENTIFIER) (for url http://localhost:8123)
  compiled code at target/run/northwind_transformations/models/gold/schema.yml/not_null_fct_sales_total_price.sql
[0m18:05:23.880068 [info ] [MainThread]: 
[0m18:05:23.880926 [info ] [MainThread]:   compiled code at target/compiled/northwind_transformations/models/gold/schema.yml/not_null_fct_sales_total_price.sql
[0m18:05:23.881825 [info ] [MainThread]: 
[0m18:05:23.882676 [info ] [MainThread]: Done. PASS=6 WARN=0 ERROR=2 SKIP=0 NO-OP=0 TOTAL=8
[0m18:05:23.884706 [debug] [MainThread]: Resource report: {"command_name": "test", "command_success": false, "command_wall_clock_time": 3.469228, "process_in_blocks": "4352", "process_kernel_time": 0.514984, "process_mem_max_rss": "143636", "process_out_blocks": "3936", "process_user_time": 4.94522}
[0m18:05:23.885891 [debug] [MainThread]: Command `dbt test` failed at 18:05:23.885745 after 3.47 seconds
[0m18:05:23.887219 [debug] [MainThread]: Sending event: {'category': 'dbt', 'action': 'invocation', 'label': 'end', 'context': [<snowplow_tracker.self_describing_json.SelfDescribingJson object at 0x790c6d693350>, <snowplow_tracker.self_describing_json.SelfDescribingJson object at 0x790c6c632570>, <snowplow_tracker.self_describing_json.SelfDescribingJson object at 0x790c69651be0>]}
[0m18:05:23.888393 [debug] [MainThread]: Flushing usage events
[0m18:05:24.014232 [debug] [MainThread]: An error was encountered while trying to flush usage events
[0m18:05:45.018422 [debug] [MainThread]: Sending event: {'category': 'dbt', 'action': 'invocation', 'label': 'start', 'context': [<snowplow_tracker.self_describing_json.SelfDescribingJson object at 0x74e943f16d50>, <snowplow_tracker.self_describing_json.SelfDescribingJson object at 0x74e943e14800>, <snowplow_tracker.self_describing_json.SelfDescribingJson object at 0x74e943e148f0>]}


============================== 18:05:45.031375 | aa5d16c5-593e-4a0d-991b-5d0c2be50213 ==============================
[0m18:05:45.031375 [info ] [MainThread]: Running with dbt=1.11.11
[0m18:05:45.037420 [debug] [MainThread]: running dbt with arguments {'warn_error_options': 'WarnErrorOptionsV2(error=[], warn=[], silence=[])', 'invocation_command': 'dbt run', 'debug': 'False', 'static_parser': 'True', 'log_cache_events': 'False', 'partial_parse': 'True', 'use_colors': 'True', 'indirect_selection': 'eager', 'warn_error': 'None', 'log_format': 'default', 'send_anonymous_usage_stats': 'True', 'profiles_dir': '/workspaces/20261sre-projeto-final/northwind_transformations', 'introspect': 'True', 'log_path': '/workspaces/20261sre-projeto-final/northwind_transformations/logs', 'printer_width': '80', 'fail_fast': 'False', 'empty': 'False', 'use_experimental_parser': 'False', 'target_path': 'None', 'write_json': 'True', 'version_check': 'True', 'no_print': 'None', 'quiet': 'False', 'cache_selected_only': 'False'}
[0m18:05:45.399938 [debug] [MainThread]: Sending event: {'category': 'dbt', 'action': 'project_id', 'label': 'aa5d16c5-593e-4a0d-991b-5d0c2be50213', 'context': [<snowplow_tracker.self_describing_json.SelfDescribingJson object at 0x74e943db5280>]}
[0m18:05:45.495580 [debug] [MainThread]: Sending event: {'category': 'dbt', 'action': 'adapter_info', 'label': 'aa5d16c5-593e-4a0d-991b-5d0c2be50213', 'context': [<snowplow_tracker.self_describing_json.SelfDescribingJson object at 0x74e942e36e40>]}
[0m18:05:45.498058 [info ] [MainThread]: Registered adapter: clickhouse=1.10.0
[0m18:05:45.822585 [debug] [MainThread]: checksum: 30a8cc8fdcbf66701b0944d4ccce3fa46dd04b61e5df68b9f16d57b2e0e3f0be, vars: {}, profile: , target: , version: 1.11.11
[0m18:05:46.073232 [debug] [MainThread]: Partial parsing enabled: 0 files deleted, 0 files added, 1 files changed.
[0m18:05:46.075080 [debug] [MainThread]: Partial parsing: updated file: northwind_transformations://models/gold/schema.yml
[0m18:05:47.692847 [debug] [MainThread]: Sending event: {'category': 'dbt', 'action': 'load_project', 'label': 'aa5d16c5-593e-4a0d-991b-5d0c2be50213', 'context': [<snowplow_tracker.self_describing_json.SelfDescribingJson object at 0x74e942d68f20>]}
[0m18:05:47.816967 [debug] [MainThread]: Wrote artifact WritableManifest to /workspaces/20261sre-projeto-final/northwind_transformations/target/manifest.json
[0m18:05:47.819804 [debug] [MainThread]: Wrote artifact SemanticManifest to /workspaces/20261sre-projeto-final/northwind_transformations/target/semantic_manifest.json
[0m18:05:47.831654 [debug] [MainThread]: Sending event: {'category': 'dbt', 'action': 'resource_counts', 'label': 'aa5d16c5-593e-4a0d-991b-5d0c2be50213', 'context': [<snowplow_tracker.self_describing_json.SelfDescribingJson object at 0x74e9427b9910>]}
[0m18:05:47.832508 [info ] [MainThread]: Found 3 models, 8 data tests, 523 macros
[0m18:05:47.833313 [debug] [MainThread]: Sending event: {'category': 'dbt', 'action': 'runnable_timing', 'label': 'aa5d16c5-593e-4a0d-991b-5d0c2be50213', 'context': [<snowplow_tracker.self_describing_json.SelfDescribingJson object at 0x74e94272aff0>]}
[0m18:05:47.837503 [info ] [MainThread]: 
[0m18:05:47.838829 [info ] [MainThread]: Concurrency: 1 threads (target='dev')
[0m18:05:47.840187 [info ] [MainThread]: 
[0m18:05:47.841790 [debug] [MainThread]: Acquiring new clickhouse connection 'master'
[0m18:05:47.849022 [debug] [ThreadPool]: Acquiring new clickhouse connection 'list_'
[0m18:05:47.863487 [debug] [ThreadPool]: Opening a new connection, currently in state init
[0m18:05:48.058830 [debug] [ThreadPool]: dbt_clickhouse adapter: On list_: /* {"app": "dbt", "dbt_version": "1.11.11", "profile_name": "northwind", "target_name": "dev", "connection_name": "list_"} */

    select name from system.databases
  ...
[0m18:05:48.069960 [debug] [ThreadPool]: dbt_clickhouse adapter: SQL status: OK in 0.01 seconds
[0m18:05:48.191245 [debug] [ThreadPool]: Acquiring new clickhouse connection 'list__northwind'
[0m18:05:48.216662 [debug] [ThreadPool]: Opening a new connection, currently in state init
[0m18:05:48.286031 [debug] [ThreadPool]: dbt_clickhouse adapter: On list__northwind: /* {"app": "dbt", "dbt_version": "1.11.11", "profile_name": "northwind", "target_name": "dev", "connection_name": "list__northwind"} */
with mv_sources as (
      -- Find all MVs and their target tables (database and name of the MV, plus the SELECT SQL)
      select
        name as mv_name,
        database as mv_database,
        any(as_select) as mv_sql,
        any(replaceRegexpOne(create_table_query, '.*TO\\s+`?([^`\\s(]+)`?\\.`?([^`\\s(]+)`?.*', '\\1.\\2')) as target_fqn
      
      from system.tables
      
      where engine = 'MaterializedView'
        and create_table_query like '%TO %'
      group by mv_name, mv_database
    )
    select
      t.name as name,
      t.database as schema,
      multiIf(
        t.engine = 'MaterializedView', 'materialized_view',
        t.engine = 'View', 'view',
        t.engine = 'Dictionary', 'dictionary',
        'table'
      ) as type,
      db.engine as db_engine,
      groupArrayIf(
        map('schema', mv_sources.mv_database, 'name', mv_sources.mv_name, 'sql', mv_sources.mv_sql),
        mv_sources.mv_name != ''
      ) as mvs_pointing_to_it,0 as is_on_cluster
        from system.tables as t
      
        join system.databases as db on t.database = db.name
        left join mv_sources on mv_sources.target_fqn = concat(t.database, '.', t.name)
      where schema = 'northwind'
      group by name, schema, type, db_engine

  ...
[0m18:05:48.305181 [debug] [ThreadPool]: dbt_clickhouse adapter: SQL status: OK in 0.02 seconds
[0m18:05:48.311152 [debug] [MainThread]: Sending event: {'category': 'dbt', 'action': 'runnable_timing', 'label': 'aa5d16c5-593e-4a0d-991b-5d0c2be50213', 'context': [<snowplow_tracker.self_describing_json.SelfDescribingJson object at 0x74e945aa82c0>]}
[0m18:05:48.314219 [debug] [Thread-1 (]: Began running node model.northwind_transformations.stg_order_details
[0m18:05:48.315114 [info ] [Thread-1 (]: 1 of 3 START sql table model `northwind`.`stg_order_details` ................... [RUN]
[0m18:05:48.315938 [debug] [Thread-1 (]: Re-using an available connection from the pool (formerly list__northwind, now model.northwind_transformations.stg_order_details)
[0m18:05:48.316734 [debug] [Thread-1 (]: Began compiling node model.northwind_transformations.stg_order_details
[0m18:05:48.333363 [debug] [Thread-1 (]: Writing injected SQL for node "model.northwind_transformations.stg_order_details"
[0m18:05:48.334944 [debug] [Thread-1 (]: Began executing node model.northwind_transformations.stg_order_details
[0m18:05:48.494695 [debug] [Thread-1 (]: dbt_clickhouse adapter: On model.northwind_transformations.stg_order_details: /* {"app": "dbt", "dbt_version": "1.11.11", "profile_name": "northwind", "target_name": "dev", "node_id": "model.northwind_transformations.stg_order_details"} */

            

    
        create table `northwind`.`stg_order_details__dbt_backup`
        
  
        
  engine = MergeTree()
        
      order by (tuple())
        
        
        
        
                    -- end_of_sql
                    SETTINGS replicated_deduplication_window='0'

                    
            empty
          as (
            with raw_data as (
    select
        JSONExtractInt(data, 'order_id') as order_id,
        JSONExtractInt(data, 'product_id') as product_id,
        JSONExtractFloat(data, 'unit_price') as unit_price,
        JSONExtractInt(data, 'quantity') as quantity,
        JSONExtractFloat(data, 'discount') as discount
    from northwind.ingestion
    where tag = 'northwind_order_details.csv'
)

select
    order_id,
    product_id,
    unit_price,
    quantity,
    discount,
    (unit_price * quantity) * (1 - discount) as total_price
from raw_data
          )
        
        ...
[0m18:05:48.543820 [debug] [Thread-1 (]: dbt_clickhouse adapter: SQL status: OK in 0.05 seconds
[0m18:05:48.576293 [debug] [Thread-1 (]: dbt_clickhouse adapter: On model.northwind_transformations.stg_order_details: /* {"app": "dbt", "dbt_version": "1.11.11", "profile_name": "northwind", "target_name": "dev", "node_id": "model.northwind_transformations.stg_order_details"} */

    select name, type from system.columns where table = 'stg_order_details__dbt_backup'
    
      
        and database = 'northwind'
      
    
    order by position
  ...
[0m18:05:48.591210 [debug] [Thread-1 (]: dbt_clickhouse adapter: SQL status: OK in 0.01 seconds
[0m18:05:48.601705 [debug] [Thread-1 (]: Writing runtime sql for node "model.northwind_transformations.stg_order_details"
[0m18:05:48.605131 [debug] [Thread-1 (]: dbt_clickhouse adapter: On model.northwind_transformations.stg_order_details: /* {"app": "dbt", "dbt_version": "1.11.11", "profile_name": "northwind", "target_name": "dev", "node_id": "model.northwind_transformations.stg_order_details"} */

  
    
    
    
        
         


        
  

  insert into `northwind`.`stg_order_details__dbt_backup`
        ("order_id", "product_id", "unit_price", "quantity", "discount", "total_price")with raw_data as (
    select
        JSONExtractInt(data, 'order_id') as order_id,
        JSONExtractInt(data, 'product_id') as product_id,
        JSONExtractFloat(data, 'unit_price') as unit_price,
        JSONExtractInt(data, 'quantity') as quantity,
        JSONExtractFloat(data, 'discount') as discount
    from northwind.ingestion
    where tag = 'northwind_order_details.csv'
)

select
    order_id,
    product_id,
    unit_price,
    quantity,
    discount,
    (unit_price * quantity) * (1 - discount) as total_price
from raw_data
  ...
[0m18:05:48.682016 [debug] [Thread-1 (]: dbt_clickhouse adapter: SQL status: OK in 0.08 seconds
[0m18:05:48.699594 [debug] [Thread-1 (]: dbt_clickhouse adapter: On model.northwind_transformations.stg_order_details: /* {"app": "dbt", "dbt_version": "1.11.11", "profile_name": "northwind", "target_name": "dev", "node_id": "model.northwind_transformations.stg_order_details"} */
EXCHANGE TABLES `northwind`.`stg_order_details__dbt_backup` AND `northwind`.`stg_order_details` 
  
  ...
[0m18:05:48.705541 [debug] [Thread-1 (]: dbt_clickhouse adapter: SQL status: OK in 0.00 seconds
[0m18:05:48.780797 [debug] [Thread-1 (]: dbt_clickhouse adapter: On model.northwind_transformations.stg_order_details: /* {"app": "dbt", "dbt_version": "1.11.11", "profile_name": "northwind", "target_name": "dev", "node_id": "model.northwind_transformations.stg_order_details"} */
drop table if exists `northwind`.`stg_order_details__dbt_backup` 
  ...
[0m18:05:48.786188 [debug] [Thread-1 (]: dbt_clickhouse adapter: SQL status: OK in 0.00 seconds
[0m18:05:48.790789 [debug] [Thread-1 (]: Sending event: {'category': 'dbt', 'action': 'run_model', 'label': 'aa5d16c5-593e-4a0d-991b-5d0c2be50213', 'context': [<snowplow_tracker.self_describing_json.SelfDescribingJson object at 0x74e945ca3fb0>]}
[0m18:05:48.791803 [info ] [Thread-1 (]: 1 of 3 OK created sql table model `northwind`.`stg_order_details` .............. [[32mOK[0m in 0.47s]
[0m18:05:48.793874 [debug] [Thread-1 (]: Finished running node model.northwind_transformations.stg_order_details
[0m18:05:48.794856 [debug] [Thread-1 (]: Began running node model.northwind_transformations.stg_orders
[0m18:05:48.796039 [info ] [Thread-1 (]: 2 of 3 START sql table model `northwind`.`stg_orders` .......................... [RUN]
[0m18:05:48.797131 [debug] [Thread-1 (]: Re-using an available connection from the pool (formerly model.northwind_transformations.stg_order_details, now model.northwind_transformations.stg_orders)
[0m18:05:48.797974 [debug] [Thread-1 (]: Began compiling node model.northwind_transformations.stg_orders
[0m18:05:48.801527 [debug] [Thread-1 (]: Writing injected SQL for node "model.northwind_transformations.stg_orders"
[0m18:05:48.802707 [debug] [Thread-1 (]: Began executing node model.northwind_transformations.stg_orders
[0m18:05:48.807123 [debug] [Thread-1 (]: dbt_clickhouse adapter: On model.northwind_transformations.stg_orders: /* {"app": "dbt", "dbt_version": "1.11.11", "profile_name": "northwind", "target_name": "dev", "node_id": "model.northwind_transformations.stg_orders"} */

            

    
        create table `northwind`.`stg_orders__dbt_backup`
        
  
        
  engine = MergeTree()
        
      order by (tuple())
        
        
        
        
                    -- end_of_sql
                    SETTINGS replicated_deduplication_window='0'

                    
            empty
          as (
            with raw_data as (
    select
        JSONExtractString(data, 'order_id') as order_id,
        JSONExtractString(data, 'customer_id') as customer_id,
        JSONExtractInt(data, 'employee_id') as employee_id,
        JSONExtractString(data, 'order_date') as order_date,
        JSONExtractFloat(data, 'freight') as freight,
        JSONExtractString(data, 'ship_country') as ship_country
    from northwind.ingestion
    where tag = 'northwind_orders.csv'
)

select
    toInt64(order_id) as order_id,
    customer_id,
    employee_id,
    toDate(order_date) as order_date,
    freight,
    ship_country
from raw_data
          )
        
        ...
[0m18:05:48.823382 [debug] [Thread-1 (]: dbt_clickhouse adapter: SQL status: OK in 0.02 seconds
[0m18:05:48.827391 [debug] [Thread-1 (]: dbt_clickhouse adapter: On model.northwind_transformations.stg_orders: /* {"app": "dbt", "dbt_version": "1.11.11", "profile_name": "northwind", "target_name": "dev", "node_id": "model.northwind_transformations.stg_orders"} */

    select name, type from system.columns where table = 'stg_orders__dbt_backup'
    
      
        and database = 'northwind'
      
    
    order by position
  ...
[0m18:05:48.834353 [debug] [Thread-1 (]: dbt_clickhouse adapter: SQL status: OK in 0.01 seconds
[0m18:05:48.838014 [debug] [Thread-1 (]: Writing runtime sql for node "model.northwind_transformations.stg_orders"
[0m18:05:48.840386 [debug] [Thread-1 (]: dbt_clickhouse adapter: On model.northwind_transformations.stg_orders: /* {"app": "dbt", "dbt_version": "1.11.11", "profile_name": "northwind", "target_name": "dev", "node_id": "model.northwind_transformations.stg_orders"} */

  
    
    
    
        
         


        
  

  insert into `northwind`.`stg_orders__dbt_backup`
        ("order_id", "customer_id", "employee_id", "order_date", "freight", "ship_country")with raw_data as (
    select
        JSONExtractString(data, 'order_id') as order_id,
        JSONExtractString(data, 'customer_id') as customer_id,
        JSONExtractInt(data, 'employee_id') as employee_id,
        JSONExtractString(data, 'order_date') as order_date,
        JSONExtractFloat(data, 'freight') as freight,
        JSONExtractString(data, 'ship_country') as ship_country
    from northwind.ingestion
    where tag = 'northwind_orders.csv'
)

select
    toInt64(order_id) as order_id,
    customer_id,
    employee_id,
    toDate(order_date) as order_date,
    freight,
    ship_country
from raw_data
  ...
[0m18:05:48.859982 [debug] [Thread-1 (]: dbt_clickhouse adapter: SQL status: OK in 0.02 seconds
[0m18:05:48.863311 [debug] [Thread-1 (]: dbt_clickhouse adapter: On model.northwind_transformations.stg_orders: /* {"app": "dbt", "dbt_version": "1.11.11", "profile_name": "northwind", "target_name": "dev", "node_id": "model.northwind_transformations.stg_orders"} */
EXCHANGE TABLES `northwind`.`stg_orders__dbt_backup` AND `northwind`.`stg_orders` 
  
  ...
[0m18:05:48.868334 [debug] [Thread-1 (]: dbt_clickhouse adapter: SQL status: OK in 0.00 seconds
[0m18:05:48.876572 [debug] [Thread-1 (]: dbt_clickhouse adapter: On model.northwind_transformations.stg_orders: /* {"app": "dbt", "dbt_version": "1.11.11", "profile_name": "northwind", "target_name": "dev", "node_id": "model.northwind_transformations.stg_orders"} */
drop table if exists `northwind`.`stg_orders__dbt_backup` 
  ...
[0m18:05:48.881709 [debug] [Thread-1 (]: dbt_clickhouse adapter: SQL status: OK in 0.00 seconds
[0m18:05:48.884739 [debug] [Thread-1 (]: Sending event: {'category': 'dbt', 'action': 'run_model', 'label': 'aa5d16c5-593e-4a0d-991b-5d0c2be50213', 'context': [<snowplow_tracker.self_describing_json.SelfDescribingJson object at 0x74e940337aa0>]}
[0m18:05:48.886284 [info ] [Thread-1 (]: 2 of 3 OK created sql table model `northwind`.`stg_orders` ..................... [[32mOK[0m in 0.09s]
[0m18:05:48.887894 [debug] [Thread-1 (]: Finished running node model.northwind_transformations.stg_orders
[0m18:05:48.892348 [debug] [Thread-1 (]: Began running node model.northwind_transformations.fct_sales
[0m18:05:48.894028 [info ] [Thread-1 (]: 3 of 3 START sql view model `northwind`.`fct_sales` ............................ [RUN]
[0m18:05:48.896325 [debug] [Thread-1 (]: Re-using an available connection from the pool (formerly model.northwind_transformations.stg_orders, now model.northwind_transformations.fct_sales)
[0m18:05:48.898554 [debug] [Thread-1 (]: Began compiling node model.northwind_transformations.fct_sales
[0m18:05:48.904180 [debug] [Thread-1 (]: Writing injected SQL for node "model.northwind_transformations.fct_sales"
[0m18:05:48.905442 [debug] [Thread-1 (]: Began executing node model.northwind_transformations.fct_sales
[0m18:05:48.920915 [debug] [Thread-1 (]: Relation fct_sales already exists, replacing it
[0m18:05:48.934499 [debug] [Thread-1 (]: Model mvs to replace ['fct_sales_mv']
[0m18:05:48.937430 [debug] [Thread-1 (]: dbt_clickhouse adapter: On model.northwind_transformations.fct_sales: /* {"app": "dbt", "dbt_version": "1.11.11", "profile_name": "northwind", "target_name": "dev", "node_id": "model.northwind_transformations.fct_sales"} */

    
    select name
    from system.tables
    where engine = 'MaterializedView'
      and extract(create_table_query, 'TO\\s+([^\\s(]+)') = 'northwind.fct_sales'
  
  ...
[0m18:05:48.952286 [debug] [Thread-1 (]: dbt_clickhouse adapter: SQL status: OK in 0.01 seconds
[0m18:05:48.976654 [debug] [Thread-1 (]: Writing runtime sql for node "model.northwind_transformations.fct_sales"
[0m18:05:48.977849 [debug] [Thread-1 (]: dbt_clickhouse adapter: On model.northwind_transformations.fct_sales: /* {"app": "dbt", "dbt_version": "1.11.11", "profile_name": "northwind", "target_name": "dev", "node_id": "model.northwind_transformations.fct_sales"} */


  create or replace view `northwind`.`fct_sales` 
  
    
  
  
    
    
  as (
    with orders as (
    select * from `northwind`.`stg_orders`
),
details as (
    select 
        order_id,
        sum(total_price) as order_total_value,
        sum(quantity) as total_items
    from `northwind`.`stg_order_details`
    group by order_id
)

select
    o.order_id,
    o.customer_id,
    o.order_date,
    o.ship_country,
    d.order_total_value,
    d.total_items
from orders o
left join details d on o.order_id = d.order_id
    
  )
      
      
                    -- end_of_sql
                    
                    ...
[0m18:05:48.992358 [debug] [Thread-1 (]: dbt_clickhouse adapter: SQL status: OK in 0.01 seconds
[0m18:05:49.005261 [debug] [Thread-1 (]: Sending event: {'category': 'dbt', 'action': 'run_model', 'label': 'aa5d16c5-593e-4a0d-991b-5d0c2be50213', 'context': [<snowplow_tracker.self_describing_json.SelfDescribingJson object at 0x74e940350260>]}
[0m18:05:49.007689 [info ] [Thread-1 (]: 3 of 3 OK created sql view model `northwind`.`fct_sales` ....................... [[32mOK[0m in 0.11s]
[0m18:05:49.011603 [debug] [Thread-1 (]: Finished running node model.northwind_transformations.fct_sales
[0m18:05:49.016101 [debug] [MainThread]: Connection 'master' was properly closed.
[0m18:05:49.017209 [debug] [MainThread]: Connection 'list_' was left open.
[0m18:05:49.018056 [debug] [MainThread]: On list_: Close
[0m18:05:49.018996 [debug] [MainThread]: Connection 'model.northwind_transformations.fct_sales' was left open.
[0m18:05:49.019780 [debug] [MainThread]: On model.northwind_transformations.fct_sales: Close
[0m18:05:49.021564 [info ] [MainThread]: 
[0m18:05:49.022722 [info ] [MainThread]: Finished running 2 table models, 1 view model in 0 hours 0 minutes and 1.18 seconds (1.18s).
[0m18:05:49.024831 [debug] [MainThread]: Command end result
[0m18:05:49.082359 [debug] [MainThread]: Wrote artifact WritableManifest to /workspaces/20261sre-projeto-final/northwind_transformations/target/manifest.json
[0m18:05:49.085385 [debug] [MainThread]: Wrote artifact SemanticManifest to /workspaces/20261sre-projeto-final/northwind_transformations/target/semantic_manifest.json
[0m18:05:49.097521 [debug] [MainThread]: Wrote artifact RunExecutionResult to /workspaces/20261sre-projeto-final/northwind_transformations/target/run_results.json
[0m18:05:49.098712 [info ] [MainThread]: 
[0m18:05:49.099560 [info ] [MainThread]: [32mCompleted successfully[0m
[0m18:05:49.100336 [info ] [MainThread]: 
[0m18:05:49.101166 [info ] [MainThread]: Done. PASS=3 WARN=0 ERROR=0 SKIP=0 NO-OP=0 TOTAL=3
[0m18:05:49.106257 [debug] [MainThread]: Resource report: {"command_name": "run", "command_success": true, "command_wall_clock_time": 4.174899, "process_in_blocks": "1032", "process_kernel_time": 0.575593, "process_mem_max_rss": "145872", "process_out_blocks": "3824", "process_user_time": 5.689411}
[0m18:05:49.107251 [debug] [MainThread]: Command `dbt run` succeeded at 18:05:49.107095 after 4.18 seconds
[0m18:05:49.108089 [debug] [MainThread]: Sending event: {'category': 'dbt', 'action': 'invocation', 'label': 'end', 'context': [<snowplow_tracker.self_describing_json.SelfDescribingJson object at 0x74e942f361b0>, <snowplow_tracker.self_describing_json.SelfDescribingJson object at 0x74e942f34dd0>, <snowplow_tracker.self_describing_json.SelfDescribingJson object at 0x74e943f66fc0>]}
[0m18:05:49.112038 [debug] [MainThread]: Flushing usage events
[0m18:05:49.188440 [debug] [MainThread]: An error was encountered while trying to flush usage events
[0m18:05:54.831191 [debug] [MainThread]: Sending event: {'category': 'dbt', 'action': 'invocation', 'label': 'start', 'context': [<snowplow_tracker.self_describing_json.SelfDescribingJson object at 0x7b4fb2f39fd0>, <snowplow_tracker.self_describing_json.SelfDescribingJson object at 0x7b4fb4657950>, <snowplow_tracker.self_describing_json.SelfDescribingJson object at 0x7b4fb2ce0d40>]}


============================== 18:05:54.839590 | 5c018fb3-c83b-44f6-b2af-107456e58c2d ==============================
[0m18:05:54.839590 [info ] [MainThread]: Running with dbt=1.11.11
[0m18:05:54.840800 [debug] [MainThread]: running dbt with arguments {'write_json': 'True', 'warn_error': 'None', 'fail_fast': 'False', 'empty': 'None', 'use_experimental_parser': 'False', 'cache_selected_only': 'False', 'use_colors': 'True', 'printer_width': '80', 'log_format': 'default', 'quiet': 'False', 'indirect_selection': 'eager', 'profiles_dir': '/workspaces/20261sre-projeto-final/northwind_transformations', 'version_check': 'True', 'log_cache_events': 'False', 'partial_parse': 'True', 'no_print': 'None', 'invocation_command': 'dbt test', 'target_path': 'None', 'log_path': '/workspaces/20261sre-projeto-final/northwind_transformations/logs', 'warn_error_options': 'WarnErrorOptionsV2(error=[], warn=[], silence=[])', 'send_anonymous_usage_stats': 'True', 'static_parser': 'True', 'introspect': 'True', 'debug': 'False'}
[0m18:05:55.187360 [debug] [MainThread]: Sending event: {'category': 'dbt', 'action': 'project_id', 'label': '5c018fb3-c83b-44f6-b2af-107456e58c2d', 'context': [<snowplow_tracker.self_describing_json.SelfDescribingJson object at 0x7b4fb29b6cc0>]}
[0m18:05:55.279604 [debug] [MainThread]: Sending event: {'category': 'dbt', 'action': 'adapter_info', 'label': '5c018fb3-c83b-44f6-b2af-107456e58c2d', 'context': [<snowplow_tracker.self_describing_json.SelfDescribingJson object at 0x7b4fb2fabbc0>]}
[0m18:05:55.281702 [info ] [MainThread]: Registered adapter: clickhouse=1.10.0
[0m18:05:55.529893 [debug] [MainThread]: checksum: 30a8cc8fdcbf66701b0944d4ccce3fa46dd04b61e5df68b9f16d57b2e0e3f0be, vars: {}, profile: , target: , version: 1.11.11
[0m18:05:55.686025 [debug] [MainThread]: Partial parsing enabled: 0 files deleted, 0 files added, 0 files changed.
[0m18:05:55.687083 [debug] [MainThread]: Nothing changed, skipping partial parsing.
[0m18:05:55.687873 [debug] [MainThread]: Partial parsing enabled, no changes found, skipping parsing
[0m18:05:55.756608 [debug] [MainThread]: Sending event: {'category': 'dbt', 'action': 'load_project', 'label': '5c018fb3-c83b-44f6-b2af-107456e58c2d', 'context': [<snowplow_tracker.self_describing_json.SelfDescribingJson object at 0x7b4fb24db020>]}
[0m18:05:56.126458 [debug] [MainThread]: Wrote artifact WritableManifest to /workspaces/20261sre-projeto-final/northwind_transformations/target/manifest.json
[0m18:05:56.130561 [debug] [MainThread]: Wrote artifact SemanticManifest to /workspaces/20261sre-projeto-final/northwind_transformations/target/semantic_manifest.json
[0m18:05:56.180846 [debug] [MainThread]: Sending event: {'category': 'dbt', 'action': 'resource_counts', 'label': '5c018fb3-c83b-44f6-b2af-107456e58c2d', 'context': [<snowplow_tracker.self_describing_json.SelfDescribingJson object at 0x7b4fb27a6b70>]}
[0m18:05:56.182088 [info ] [MainThread]: Found 3 models, 8 data tests, 523 macros
[0m18:05:56.184138 [debug] [MainThread]: Sending event: {'category': 'dbt', 'action': 'runnable_timing', 'label': '5c018fb3-c83b-44f6-b2af-107456e58c2d', 'context': [<snowplow_tracker.self_describing_json.SelfDescribingJson object at 0x7b4fb2188d10>]}
[0m18:05:56.190380 [info ] [MainThread]: 
[0m18:05:56.191890 [info ] [MainThread]: Concurrency: 1 threads (target='dev')
[0m18:05:56.193743 [info ] [MainThread]: 
[0m18:05:56.196251 [debug] [MainThread]: Acquiring new clickhouse connection 'master'
[0m18:05:56.224866 [debug] [ThreadPool]: Acquiring new clickhouse connection 'list__northwind'
[0m18:05:56.248579 [debug] [ThreadPool]: Opening a new connection, currently in state init
[0m18:05:56.350432 [debug] [ThreadPool]: dbt_clickhouse adapter: On list__northwind: /* {"app": "dbt", "dbt_version": "1.11.11", "profile_name": "northwind", "target_name": "dev", "connection_name": "list__northwind"} */
with mv_sources as (
      -- Find all MVs and their target tables (database and name of the MV, plus the SELECT SQL)
      select
        name as mv_name,
        database as mv_database,
        any(as_select) as mv_sql,
        any(replaceRegexpOne(create_table_query, '.*TO\\s+`?([^`\\s(]+)`?\\.`?([^`\\s(]+)`?.*', '\\1.\\2')) as target_fqn
      
      from system.tables
      
      where engine = 'MaterializedView'
        and create_table_query like '%TO %'
      group by mv_name, mv_database
    )
    select
      t.name as name,
      t.database as schema,
      multiIf(
        t.engine = 'MaterializedView', 'materialized_view',
        t.engine = 'View', 'view',
        t.engine = 'Dictionary', 'dictionary',
        'table'
      ) as type,
      db.engine as db_engine,
      groupArrayIf(
        map('schema', mv_sources.mv_database, 'name', mv_sources.mv_name, 'sql', mv_sources.mv_sql),
        mv_sources.mv_name != ''
      ) as mvs_pointing_to_it,0 as is_on_cluster
        from system.tables as t
      
        join system.databases as db on t.database = db.name
        left join mv_sources on mv_sources.target_fqn = concat(t.database, '.', t.name)
      where schema = 'northwind'
      group by name, schema, type, db_engine

  ...
[0m18:05:56.362367 [debug] [ThreadPool]: dbt_clickhouse adapter: SQL status: OK in 0.01 seconds
[0m18:05:56.420038 [debug] [MainThread]: Sending event: {'category': 'dbt', 'action': 'runnable_timing', 'label': '5c018fb3-c83b-44f6-b2af-107456e58c2d', 'context': [<snowplow_tracker.self_describing_json.SelfDescribingJson object at 0x7b4fb259bcb0>]}
[0m18:05:56.423949 [debug] [Thread-1 (]: Began running node test.northwind_transformations.not_null_fct_sales_order_id.4987638769
[0m18:05:56.424610 [info ] [Thread-1 (]: 1 of 8 START test not_null_fct_sales_order_id .................................. [RUN]
[0m18:05:56.425396 [debug] [Thread-1 (]: Re-using an available connection from the pool (formerly list__northwind, now test.northwind_transformations.not_null_fct_sales_order_id.4987638769)
[0m18:05:56.426315 [debug] [Thread-1 (]: Began compiling node test.northwind_transformations.not_null_fct_sales_order_id.4987638769
[0m18:05:56.444095 [debug] [Thread-1 (]: Writing injected SQL for node "test.northwind_transformations.not_null_fct_sales_order_id.4987638769"
[0m18:05:56.445144 [debug] [Thread-1 (]: Began executing node test.northwind_transformations.not_null_fct_sales_order_id.4987638769
[0m18:05:56.473170 [debug] [Thread-1 (]: Writing runtime sql for node "test.northwind_transformations.not_null_fct_sales_order_id.4987638769"
[0m18:05:56.476036 [debug] [Thread-1 (]: dbt_clickhouse adapter: On test.northwind_transformations.not_null_fct_sales_order_id.4987638769: /* {"app": "dbt", "dbt_version": "1.11.11", "profile_name": "northwind", "target_name": "dev", "node_id": "test.northwind_transformations.not_null_fct_sales_order_id.4987638769"} */

    
    select
      count(*) as failures,
      count(*) != 0 as should_warn,
      count(*) != 0 as should_error
    from (
      
    
  
    
    



select order_id
from `northwind`.`fct_sales`
where order_id is null



  
  
    ) dbt_internal_test...
[0m18:05:56.490922 [debug] [Thread-1 (]: dbt_clickhouse adapter: SQL status: OK in 0.01 seconds
[0m18:05:56.499554 [info ] [Thread-1 (]: 1 of 8 PASS not_null_fct_sales_order_id ........................................ [[32mPASS[0m in 0.07s]
[0m18:05:56.501172 [debug] [Thread-1 (]: Finished running node test.northwind_transformations.not_null_fct_sales_order_id.4987638769
[0m18:05:56.502270 [debug] [Thread-1 (]: Began running node test.northwind_transformations.not_null_fct_sales_order_total_value.da0ee612a9
[0m18:05:56.503307 [info ] [Thread-1 (]: 2 of 8 START test not_null_fct_sales_order_total_value ......................... [RUN]
[0m18:05:56.504441 [debug] [Thread-1 (]: Re-using an available connection from the pool (formerly test.northwind_transformations.not_null_fct_sales_order_id.4987638769, now test.northwind_transformations.not_null_fct_sales_order_total_value.da0ee612a9)
[0m18:05:56.505790 [debug] [Thread-1 (]: Began compiling node test.northwind_transformations.not_null_fct_sales_order_total_value.da0ee612a9
[0m18:05:56.514563 [debug] [Thread-1 (]: Writing injected SQL for node "test.northwind_transformations.not_null_fct_sales_order_total_value.da0ee612a9"
[0m18:05:56.516538 [debug] [Thread-1 (]: Began executing node test.northwind_transformations.not_null_fct_sales_order_total_value.da0ee612a9
[0m18:05:56.526012 [debug] [Thread-1 (]: Writing runtime sql for node "test.northwind_transformations.not_null_fct_sales_order_total_value.da0ee612a9"
[0m18:05:56.535056 [debug] [Thread-1 (]: dbt_clickhouse adapter: On test.northwind_transformations.not_null_fct_sales_order_total_value.da0ee612a9: /* {"app": "dbt", "dbt_version": "1.11.11", "profile_name": "northwind", "target_name": "dev", "node_id": "test.northwind_transformations.not_null_fct_sales_order_total_value.da0ee612a9"} */

    
    select
      count(*) as failures,
      count(*) != 0 as should_warn,
      count(*) != 0 as should_error
    from (
      
    
  
    
    



select order_total_value
from `northwind`.`fct_sales`
where order_total_value is null



  
  
    ) dbt_internal_test...
[0m18:05:56.563241 [debug] [Thread-1 (]: dbt_clickhouse adapter: SQL status: OK in 0.02 seconds
[0m18:05:56.566931 [info ] [Thread-1 (]: 2 of 8 PASS not_null_fct_sales_order_total_value ............................... [[32mPASS[0m in 0.06s]
[0m18:05:56.568305 [debug] [Thread-1 (]: Finished running node test.northwind_transformations.not_null_fct_sales_order_total_value.da0ee612a9
[0m18:05:56.569494 [debug] [Thread-1 (]: Began running node test.northwind_transformations.not_null_fct_sales_total_items.1376e767eb
[0m18:05:56.570640 [info ] [Thread-1 (]: 3 of 8 START test not_null_fct_sales_total_items ............................... [RUN]
[0m18:05:56.571777 [debug] [Thread-1 (]: Re-using an available connection from the pool (formerly test.northwind_transformations.not_null_fct_sales_order_total_value.da0ee612a9, now test.northwind_transformations.not_null_fct_sales_total_items.1376e767eb)
[0m18:05:56.572872 [debug] [Thread-1 (]: Began compiling node test.northwind_transformations.not_null_fct_sales_total_items.1376e767eb
[0m18:05:56.580468 [debug] [Thread-1 (]: Writing injected SQL for node "test.northwind_transformations.not_null_fct_sales_total_items.1376e767eb"
[0m18:05:56.582501 [debug] [Thread-1 (]: Began executing node test.northwind_transformations.not_null_fct_sales_total_items.1376e767eb
[0m18:05:56.589259 [debug] [Thread-1 (]: Writing runtime sql for node "test.northwind_transformations.not_null_fct_sales_total_items.1376e767eb"
[0m18:05:56.590805 [debug] [Thread-1 (]: dbt_clickhouse adapter: On test.northwind_transformations.not_null_fct_sales_total_items.1376e767eb: /* {"app": "dbt", "dbt_version": "1.11.11", "profile_name": "northwind", "target_name": "dev", "node_id": "test.northwind_transformations.not_null_fct_sales_total_items.1376e767eb"} */

    
    select
      count(*) as failures,
      count(*) != 0 as should_warn,
      count(*) != 0 as should_error
    from (
      
    
  
    
    



select total_items
from `northwind`.`fct_sales`
where total_items is null



  
  
    ) dbt_internal_test...
[0m18:05:56.632303 [debug] [Thread-1 (]: dbt_clickhouse adapter: SQL status: OK in 0.04 seconds
[0m18:05:56.643280 [info ] [Thread-1 (]: 3 of 8 PASS not_null_fct_sales_total_items ..................................... [[32mPASS[0m in 0.07s]
[0m18:05:56.645242 [debug] [Thread-1 (]: Finished running node test.northwind_transformations.not_null_fct_sales_total_items.1376e767eb
[0m18:05:56.646495 [debug] [Thread-1 (]: Began running node test.northwind_transformations.not_null_stg_order_details_order_id.c4b83821af
[0m18:05:56.647575 [info ] [Thread-1 (]: 4 of 8 START test not_null_stg_order_details_order_id .......................... [RUN]
[0m18:05:56.649124 [debug] [Thread-1 (]: Re-using an available connection from the pool (formerly test.northwind_transformations.not_null_fct_sales_total_items.1376e767eb, now test.northwind_transformations.not_null_stg_order_details_order_id.c4b83821af)
[0m18:05:56.651488 [debug] [Thread-1 (]: Began compiling node test.northwind_transformations.not_null_stg_order_details_order_id.c4b83821af
[0m18:05:56.663365 [debug] [Thread-1 (]: Writing injected SQL for node "test.northwind_transformations.not_null_stg_order_details_order_id.c4b83821af"
[0m18:05:56.665250 [debug] [Thread-1 (]: Began executing node test.northwind_transformations.not_null_stg_order_details_order_id.c4b83821af
[0m18:05:56.679876 [debug] [Thread-1 (]: Writing runtime sql for node "test.northwind_transformations.not_null_stg_order_details_order_id.c4b83821af"
[0m18:05:56.681247 [debug] [Thread-1 (]: dbt_clickhouse adapter: On test.northwind_transformations.not_null_stg_order_details_order_id.c4b83821af: /* {"app": "dbt", "dbt_version": "1.11.11", "profile_name": "northwind", "target_name": "dev", "node_id": "test.northwind_transformations.not_null_stg_order_details_order_id.c4b83821af"} */

    
    select
      count(*) as failures,
      count(*) != 0 as should_warn,
      count(*) != 0 as should_error
    from (
      
    
  
    
    



select order_id
from `northwind`.`stg_order_details`
where order_id is null



  
  
    ) dbt_internal_test...
[0m18:05:56.690340 [debug] [Thread-1 (]: dbt_clickhouse adapter: SQL status: OK in 0.01 seconds
[0m18:05:56.694020 [info ] [Thread-1 (]: 4 of 8 PASS not_null_stg_order_details_order_id ................................ [[32mPASS[0m in 0.04s]
[0m18:05:56.695601 [debug] [Thread-1 (]: Finished running node test.northwind_transformations.not_null_stg_order_details_order_id.c4b83821af
[0m18:05:56.696857 [debug] [Thread-1 (]: Began running node test.northwind_transformations.not_null_stg_order_details_product_id.817da0fb10
[0m18:05:56.698230 [info ] [Thread-1 (]: 5 of 8 START test not_null_stg_order_details_product_id ........................ [RUN]
[0m18:05:56.699542 [debug] [Thread-1 (]: Re-using an available connection from the pool (formerly test.northwind_transformations.not_null_stg_order_details_order_id.c4b83821af, now test.northwind_transformations.not_null_stg_order_details_product_id.817da0fb10)
[0m18:05:56.701525 [debug] [Thread-1 (]: Began compiling node test.northwind_transformations.not_null_stg_order_details_product_id.817da0fb10
[0m18:05:56.710576 [debug] [Thread-1 (]: Writing injected SQL for node "test.northwind_transformations.not_null_stg_order_details_product_id.817da0fb10"
[0m18:05:56.711688 [debug] [Thread-1 (]: Began executing node test.northwind_transformations.not_null_stg_order_details_product_id.817da0fb10
[0m18:05:56.716116 [debug] [Thread-1 (]: Writing runtime sql for node "test.northwind_transformations.not_null_stg_order_details_product_id.817da0fb10"
[0m18:05:56.718198 [debug] [Thread-1 (]: dbt_clickhouse adapter: On test.northwind_transformations.not_null_stg_order_details_product_id.817da0fb10: /* {"app": "dbt", "dbt_version": "1.11.11", "profile_name": "northwind", "target_name": "dev", "node_id": "test.northwind_transformations.not_null_stg_order_details_product_id.817da0fb10"} */

    
    select
      count(*) as failures,
      count(*) != 0 as should_warn,
      count(*) != 0 as should_error
    from (
      
    
  
    
    



select product_id
from `northwind`.`stg_order_details`
where product_id is null



  
  
    ) dbt_internal_test...
[0m18:05:56.727219 [debug] [Thread-1 (]: dbt_clickhouse adapter: SQL status: OK in 0.01 seconds
[0m18:05:56.731094 [info ] [Thread-1 (]: 5 of 8 PASS not_null_stg_order_details_product_id .............................. [[32mPASS[0m in 0.03s]
[0m18:05:56.732666 [debug] [Thread-1 (]: Finished running node test.northwind_transformations.not_null_stg_order_details_product_id.817da0fb10
[0m18:05:56.734002 [debug] [Thread-1 (]: Began running node test.northwind_transformations.not_null_stg_orders_customer_id.af79d5e4b5
[0m18:05:56.735169 [info ] [Thread-1 (]: 6 of 8 START test not_null_stg_orders_customer_id .............................. [RUN]
[0m18:05:56.736315 [debug] [Thread-1 (]: Re-using an available connection from the pool (formerly test.northwind_transformations.not_null_stg_order_details_product_id.817da0fb10, now test.northwind_transformations.not_null_stg_orders_customer_id.af79d5e4b5)
[0m18:05:56.737359 [debug] [Thread-1 (]: Began compiling node test.northwind_transformations.not_null_stg_orders_customer_id.af79d5e4b5
[0m18:05:56.751071 [debug] [Thread-1 (]: Writing injected SQL for node "test.northwind_transformations.not_null_stg_orders_customer_id.af79d5e4b5"
[0m18:05:56.754157 [debug] [Thread-1 (]: Began executing node test.northwind_transformations.not_null_stg_orders_customer_id.af79d5e4b5
[0m18:05:56.780368 [debug] [Thread-1 (]: Writing runtime sql for node "test.northwind_transformations.not_null_stg_orders_customer_id.af79d5e4b5"
[0m18:05:56.787496 [debug] [Thread-1 (]: dbt_clickhouse adapter: On test.northwind_transformations.not_null_stg_orders_customer_id.af79d5e4b5: /* {"app": "dbt", "dbt_version": "1.11.11", "profile_name": "northwind", "target_name": "dev", "node_id": "test.northwind_transformations.not_null_stg_orders_customer_id.af79d5e4b5"} */

    
    select
      count(*) as failures,
      count(*) != 0 as should_warn,
      count(*) != 0 as should_error
    from (
      
    
  
    
    



select customer_id
from `northwind`.`stg_orders`
where customer_id is null



  
  
    ) dbt_internal_test...
[0m18:05:56.833405 [debug] [Thread-1 (]: dbt_clickhouse adapter: SQL status: OK in 0.04 seconds
[0m18:05:56.840926 [info ] [Thread-1 (]: 6 of 8 PASS not_null_stg_orders_customer_id .................................... [[32mPASS[0m in 0.10s]
[0m18:05:56.844203 [debug] [Thread-1 (]: Finished running node test.northwind_transformations.not_null_stg_orders_customer_id.af79d5e4b5
[0m18:05:56.845810 [debug] [Thread-1 (]: Began running node test.northwind_transformations.not_null_stg_orders_order_id.81cfe2fe64
[0m18:05:56.847278 [info ] [Thread-1 (]: 7 of 8 START test not_null_stg_orders_order_id ................................. [RUN]
[0m18:05:56.848858 [debug] [Thread-1 (]: Re-using an available connection from the pool (formerly test.northwind_transformations.not_null_stg_orders_customer_id.af79d5e4b5, now test.northwind_transformations.not_null_stg_orders_order_id.81cfe2fe64)
[0m18:05:56.850880 [debug] [Thread-1 (]: Began compiling node test.northwind_transformations.not_null_stg_orders_order_id.81cfe2fe64
[0m18:05:56.864504 [debug] [Thread-1 (]: Writing injected SQL for node "test.northwind_transformations.not_null_stg_orders_order_id.81cfe2fe64"
[0m18:05:56.872542 [debug] [Thread-1 (]: Began executing node test.northwind_transformations.not_null_stg_orders_order_id.81cfe2fe64
[0m18:05:56.883974 [debug] [Thread-1 (]: Writing runtime sql for node "test.northwind_transformations.not_null_stg_orders_order_id.81cfe2fe64"
[0m18:05:56.887325 [debug] [Thread-1 (]: dbt_clickhouse adapter: On test.northwind_transformations.not_null_stg_orders_order_id.81cfe2fe64: /* {"app": "dbt", "dbt_version": "1.11.11", "profile_name": "northwind", "target_name": "dev", "node_id": "test.northwind_transformations.not_null_stg_orders_order_id.81cfe2fe64"} */

    
    select
      count(*) as failures,
      count(*) != 0 as should_warn,
      count(*) != 0 as should_error
    from (
      
    
  
    
    



select order_id
from `northwind`.`stg_orders`
where order_id is null



  
  
    ) dbt_internal_test...
[0m18:05:56.898204 [debug] [Thread-1 (]: dbt_clickhouse adapter: SQL status: OK in 0.01 seconds
[0m18:05:56.903301 [info ] [Thread-1 (]: 7 of 8 PASS not_null_stg_orders_order_id ....................................... [[32mPASS[0m in 0.05s]
[0m18:05:56.904933 [debug] [Thread-1 (]: Finished running node test.northwind_transformations.not_null_stg_orders_order_id.81cfe2fe64
[0m18:05:56.905668 [debug] [Thread-1 (]: Began running node test.northwind_transformations.unique_stg_orders_order_id.e3b841c71a
[0m18:05:56.906547 [info ] [Thread-1 (]: 8 of 8 START test unique_stg_orders_order_id ................................... [RUN]
[0m18:05:56.907579 [debug] [Thread-1 (]: Re-using an available connection from the pool (formerly test.northwind_transformations.not_null_stg_orders_order_id.81cfe2fe64, now test.northwind_transformations.unique_stg_orders_order_id.e3b841c71a)
[0m18:05:56.908421 [debug] [Thread-1 (]: Began compiling node test.northwind_transformations.unique_stg_orders_order_id.e3b841c71a
[0m18:05:56.920198 [debug] [Thread-1 (]: Writing injected SQL for node "test.northwind_transformations.unique_stg_orders_order_id.e3b841c71a"
[0m18:05:56.922118 [debug] [Thread-1 (]: Began executing node test.northwind_transformations.unique_stg_orders_order_id.e3b841c71a
[0m18:05:56.928819 [debug] [Thread-1 (]: Writing runtime sql for node "test.northwind_transformations.unique_stg_orders_order_id.e3b841c71a"
[0m18:05:56.930012 [debug] [Thread-1 (]: dbt_clickhouse adapter: On test.northwind_transformations.unique_stg_orders_order_id.e3b841c71a: /* {"app": "dbt", "dbt_version": "1.11.11", "profile_name": "northwind", "target_name": "dev", "node_id": "test.northwind_transformations.unique_stg_orders_order_id.e3b841c71a"} */

    
    select
      count(*) as failures,
      count(*) != 0 as should_warn,
      count(*) != 0 as should_error
    from (
      
    
  
    
    

select
    order_id as unique_field,
    count(*) as n_records

from `northwind`.`stg_orders`
where order_id is not null
group by order_id
having count(*) > 1



  
  
    ) dbt_internal_test...
[0m18:05:56.965991 [debug] [Thread-1 (]: dbt_clickhouse adapter: SQL status: OK in 0.03 seconds
[0m18:05:56.986442 [error] [Thread-1 (]: 8 of 8 FAIL 830 unique_stg_orders_order_id ..................................... [[31mFAIL 830[0m in 0.08s]
[0m18:05:56.991115 [debug] [Thread-1 (]: Finished running node test.northwind_transformations.unique_stg_orders_order_id.e3b841c71a
[0m18:05:56.999332 [debug] [MainThread]: Connection 'master' was properly closed.
[0m18:05:57.012612 [debug] [MainThread]: Connection 'test.northwind_transformations.unique_stg_orders_order_id.e3b841c71a' was left open.
[0m18:05:57.022089 [debug] [MainThread]: On test.northwind_transformations.unique_stg_orders_order_id.e3b841c71a: Close
[0m18:05:57.028830 [info ] [MainThread]: 
[0m18:05:57.032560 [info ] [MainThread]: Finished running 8 data tests in 0 hours 0 minutes and 0.83 seconds (0.83s).
[0m18:05:57.043141 [debug] [MainThread]: Command end result
[0m18:05:57.109005 [debug] [MainThread]: Wrote artifact WritableManifest to /workspaces/20261sre-projeto-final/northwind_transformations/target/manifest.json
[0m18:05:57.112659 [debug] [MainThread]: Wrote artifact SemanticManifest to /workspaces/20261sre-projeto-final/northwind_transformations/target/semantic_manifest.json
[0m18:05:57.123731 [debug] [MainThread]: Wrote artifact RunExecutionResult to /workspaces/20261sre-projeto-final/northwind_transformations/target/run_results.json
[0m18:05:57.124654 [info ] [MainThread]: 
[0m18:05:57.126141 [info ] [MainThread]: [31mCompleted with 1 error, 0 partial successes, and 0 warnings:[0m
[0m18:05:57.126998 [info ] [MainThread]: 
[0m18:05:57.128049 [error] [MainThread]: [31mFailure in test unique_stg_orders_order_id (models/silver/schema.yml)[0m
[0m18:05:57.128949 [error] [MainThread]:   Got 830 results, configured to fail if != 0
[0m18:05:57.129808 [info ] [MainThread]: 
[0m18:05:57.130955 [info ] [MainThread]:   compiled code at target/compiled/northwind_transformations/models/silver/schema.yml/unique_stg_orders_order_id.sql
[0m18:05:57.131748 [info ] [MainThread]: 
[0m18:05:57.132718 [info ] [MainThread]: Done. PASS=7 WARN=0 ERROR=1 SKIP=0 NO-OP=0 TOTAL=8
[0m18:05:57.134852 [debug] [MainThread]: Resource report: {"command_name": "test", "command_success": false, "command_wall_clock_time": 2.382772, "process_in_blocks": "0", "process_kernel_time": 0.519967, "process_mem_max_rss": "141488", "process_out_blocks": "2728", "process_user_time": 4.844934}
[0m18:05:57.135841 [debug] [MainThread]: Command `dbt test` failed at 18:05:57.135683 after 2.38 seconds
[0m18:05:57.136865 [debug] [MainThread]: Sending event: {'category': 'dbt', 'action': 'invocation', 'label': 'end', 'context': [<snowplow_tracker.self_describing_json.SelfDescribingJson object at 0x7b4fb4b44aa0>, <snowplow_tracker.self_describing_json.SelfDescribingJson object at 0x7b4fb218b4d0>, <snowplow_tracker.self_describing_json.SelfDescribingJson object at 0x7b4fb37e9490>]}
[0m18:05:57.138498 [debug] [MainThread]: Flushing usage events
[0m18:05:57.265213 [debug] [MainThread]: An error was encountered while trying to flush usage events
[0m18:06:10.601222 [debug] [MainThread]: Sending event: {'category': 'dbt', 'action': 'invocation', 'label': 'start', 'context': [<snowplow_tracker.self_describing_json.SelfDescribingJson object at 0x7f89e774f380>, <snowplow_tracker.self_describing_json.SelfDescribingJson object at 0x7f89e6fd7800>, <snowplow_tracker.self_describing_json.SelfDescribingJson object at 0x7f89e779c650>]}


============================== 18:06:10.608095 | b9194cf4-a1eb-4c55-8f91-3df80894b026 ==============================
[0m18:06:10.608095 [info ] [MainThread]: Running with dbt=1.11.11
[0m18:06:10.609896 [debug] [MainThread]: running dbt with arguments {'fail_fast': 'False', 'target_path': 'None', 'introspect': 'True', 'profiles_dir': '/workspaces/20261sre-projeto-final/northwind_transformations', 'log_path': '/workspaces/20261sre-projeto-final/northwind_transformations/logs', 'warn_error_options': 'WarnErrorOptionsV2(error=[], warn=[], silence=[])', 'write_json': 'True', 'warn_error': 'None', 'send_anonymous_usage_stats': 'True', 'use_colors': 'True', 'cache_selected_only': 'False', 'quiet': 'False', 'indirect_selection': 'eager', 'use_experimental_parser': 'False', 'log_format': 'default', 'version_check': 'True', 'log_cache_events': 'False', 'static_parser': 'True', 'printer_width': '80', 'empty': 'False', 'invocation_command': 'dbt run', 'no_print': 'None', 'partial_parse': 'True', 'debug': 'False'}
[0m18:06:11.188677 [debug] [MainThread]: Sending event: {'category': 'dbt', 'action': 'project_id', 'label': 'b9194cf4-a1eb-4c55-8f91-3df80894b026', 'context': [<snowplow_tracker.self_describing_json.SelfDescribingJson object at 0x7f89e983f380>]}
[0m18:06:11.351833 [debug] [MainThread]: Sending event: {'category': 'dbt', 'action': 'adapter_info', 'label': 'b9194cf4-a1eb-4c55-8f91-3df80894b026', 'context': [<snowplow_tracker.self_describing_json.SelfDescribingJson object at 0x7f89e6ebbf20>]}
[0m18:06:11.353718 [info ] [MainThread]: Registered adapter: clickhouse=1.10.0
[0m18:06:11.600482 [debug] [MainThread]: checksum: 30a8cc8fdcbf66701b0944d4ccce3fa46dd04b61e5df68b9f16d57b2e0e3f0be, vars: {}, profile: , target: , version: 1.11.11
[0m18:06:11.758419 [debug] [MainThread]: Partial parsing enabled: 0 files deleted, 0 files added, 0 files changed.
[0m18:06:11.759175 [debug] [MainThread]: Nothing changed, skipping partial parsing.
[0m18:06:11.759757 [debug] [MainThread]: Partial parsing enabled, no changes found, skipping parsing
[0m18:06:11.812165 [debug] [MainThread]: Sending event: {'category': 'dbt', 'action': 'load_project', 'label': 'b9194cf4-a1eb-4c55-8f91-3df80894b026', 'context': [<snowplow_tracker.self_describing_json.SelfDescribingJson object at 0x7f89e674b8f0>]}
[0m18:06:12.204055 [debug] [MainThread]: Wrote artifact WritableManifest to /workspaces/20261sre-projeto-final/northwind_transformations/target/manifest.json
[0m18:06:12.207011 [debug] [MainThread]: Wrote artifact SemanticManifest to /workspaces/20261sre-projeto-final/northwind_transformations/target/semantic_manifest.json
[0m18:06:12.219911 [debug] [MainThread]: Sending event: {'category': 'dbt', 'action': 'resource_counts', 'label': 'b9194cf4-a1eb-4c55-8f91-3df80894b026', 'context': [<snowplow_tracker.self_describing_json.SelfDescribingJson object at 0x7f89e6353440>]}
[0m18:06:12.220968 [info ] [MainThread]: Found 3 models, 8 data tests, 523 macros
[0m18:06:12.221857 [debug] [MainThread]: Sending event: {'category': 'dbt', 'action': 'runnable_timing', 'label': 'b9194cf4-a1eb-4c55-8f91-3df80894b026', 'context': [<snowplow_tracker.self_describing_json.SelfDescribingJson object at 0x7f89e63a20f0>]}
[0m18:06:12.224637 [info ] [MainThread]: 
[0m18:06:12.225404 [info ] [MainThread]: Concurrency: 1 threads (target='dev')
[0m18:06:12.226194 [info ] [MainThread]: 
[0m18:06:12.227307 [debug] [MainThread]: Acquiring new clickhouse connection 'master'
[0m18:06:12.235856 [debug] [ThreadPool]: Acquiring new clickhouse connection 'list_'
[0m18:06:12.257453 [debug] [ThreadPool]: Opening a new connection, currently in state init
[0m18:06:12.387893 [debug] [ThreadPool]: dbt_clickhouse adapter: On list_: /* {"app": "dbt", "dbt_version": "1.11.11", "profile_name": "northwind", "target_name": "dev", "connection_name": "list_"} */

    select name from system.databases
  ...
[0m18:06:12.392516 [debug] [ThreadPool]: dbt_clickhouse adapter: SQL status: OK in 0.00 seconds
[0m18:06:12.435461 [debug] [ThreadPool]: Re-using an available connection from the pool (formerly list_, now list__northwind)
[0m18:06:12.443898 [debug] [ThreadPool]: dbt_clickhouse adapter: On list__northwind: /* {"app": "dbt", "dbt_version": "1.11.11", "profile_name": "northwind", "target_name": "dev", "connection_name": "list__northwind"} */
with mv_sources as (
      -- Find all MVs and their target tables (database and name of the MV, plus the SELECT SQL)
      select
        name as mv_name,
        database as mv_database,
        any(as_select) as mv_sql,
        any(replaceRegexpOne(create_table_query, '.*TO\\s+`?([^`\\s(]+)`?\\.`?([^`\\s(]+)`?.*', '\\1.\\2')) as target_fqn
      
      from system.tables
      
      where engine = 'MaterializedView'
        and create_table_query like '%TO %'
      group by mv_name, mv_database
    )
    select
      t.name as name,
      t.database as schema,
      multiIf(
        t.engine = 'MaterializedView', 'materialized_view',
        t.engine = 'View', 'view',
        t.engine = 'Dictionary', 'dictionary',
        'table'
      ) as type,
      db.engine as db_engine,
      groupArrayIf(
        map('schema', mv_sources.mv_database, 'name', mv_sources.mv_name, 'sql', mv_sources.mv_sql),
        mv_sources.mv_name != ''
      ) as mvs_pointing_to_it,0 as is_on_cluster
        from system.tables as t
      
        join system.databases as db on t.database = db.name
        left join mv_sources on mv_sources.target_fqn = concat(t.database, '.', t.name)
      where schema = 'northwind'
      group by name, schema, type, db_engine

  ...
[0m18:06:12.472181 [debug] [ThreadPool]: dbt_clickhouse adapter: SQL status: OK in 0.03 seconds
[0m18:06:12.478559 [debug] [MainThread]: Sending event: {'category': 'dbt', 'action': 'runnable_timing', 'label': 'b9194cf4-a1eb-4c55-8f91-3df80894b026', 'context': [<snowplow_tracker.self_describing_json.SelfDescribingJson object at 0x7f89e7ea9fd0>]}
[0m18:06:12.481591 [debug] [Thread-1 (]: Began running node model.northwind_transformations.stg_order_details
[0m18:06:12.482672 [info ] [Thread-1 (]: 1 of 3 START sql table model `northwind`.`stg_order_details` ................... [RUN]
[0m18:06:12.485648 [debug] [Thread-1 (]: Re-using an available connection from the pool (formerly list__northwind, now model.northwind_transformations.stg_order_details)
[0m18:06:12.486719 [debug] [Thread-1 (]: Began compiling node model.northwind_transformations.stg_order_details
[0m18:06:12.498151 [debug] [Thread-1 (]: Writing injected SQL for node "model.northwind_transformations.stg_order_details"
[0m18:06:12.500706 [debug] [Thread-1 (]: Began executing node model.northwind_transformations.stg_order_details
[0m18:06:12.629070 [debug] [Thread-1 (]: dbt_clickhouse adapter: On model.northwind_transformations.stg_order_details: /* {"app": "dbt", "dbt_version": "1.11.11", "profile_name": "northwind", "target_name": "dev", "node_id": "model.northwind_transformations.stg_order_details"} */

            

    
        create table `northwind`.`stg_order_details__dbt_backup`
        
  
        
  engine = MergeTree()
        
      order by (tuple())
        
        
        
        
                    -- end_of_sql
                    SETTINGS replicated_deduplication_window='0'

                    
            empty
          as (
            with raw_data as (
    select
        JSONExtractInt(data, 'order_id') as order_id,
        JSONExtractInt(data, 'product_id') as product_id,
        JSONExtractFloat(data, 'unit_price') as unit_price,
        JSONExtractInt(data, 'quantity') as quantity,
        JSONExtractFloat(data, 'discount') as discount
    from northwind.ingestion
    where tag = 'northwind_order_details.csv'
)

select
    order_id,
    product_id,
    unit_price,
    quantity,
    discount,
    (unit_price * quantity) * (1 - discount) as total_price
from raw_data
          )
        
        ...
[0m18:06:12.644746 [debug] [Thread-1 (]: dbt_clickhouse adapter: SQL status: OK in 0.01 seconds
[0m18:06:12.674423 [debug] [Thread-1 (]: dbt_clickhouse adapter: On model.northwind_transformations.stg_order_details: /* {"app": "dbt", "dbt_version": "1.11.11", "profile_name": "northwind", "target_name": "dev", "node_id": "model.northwind_transformations.stg_order_details"} */

    select name, type from system.columns where table = 'stg_order_details__dbt_backup'
    
      
        and database = 'northwind'
      
    
    order by position
  ...
[0m18:06:12.680872 [debug] [Thread-1 (]: dbt_clickhouse adapter: SQL status: OK in 0.01 seconds
[0m18:06:12.687698 [debug] [Thread-1 (]: Writing runtime sql for node "model.northwind_transformations.stg_order_details"
[0m18:06:12.689447 [debug] [Thread-1 (]: dbt_clickhouse adapter: On model.northwind_transformations.stg_order_details: /* {"app": "dbt", "dbt_version": "1.11.11", "profile_name": "northwind", "target_name": "dev", "node_id": "model.northwind_transformations.stg_order_details"} */

  
    
    
    
        
         


        
  

  insert into `northwind`.`stg_order_details__dbt_backup`
        ("order_id", "product_id", "unit_price", "quantity", "discount", "total_price")with raw_data as (
    select
        JSONExtractInt(data, 'order_id') as order_id,
        JSONExtractInt(data, 'product_id') as product_id,
        JSONExtractFloat(data, 'unit_price') as unit_price,
        JSONExtractInt(data, 'quantity') as quantity,
        JSONExtractFloat(data, 'discount') as discount
    from northwind.ingestion
    where tag = 'northwind_order_details.csv'
)

select
    order_id,
    product_id,
    unit_price,
    quantity,
    discount,
    (unit_price * quantity) * (1 - discount) as total_price
from raw_data
  ...
[0m18:06:12.704846 [debug] [Thread-1 (]: dbt_clickhouse adapter: SQL status: OK in 0.01 seconds
[0m18:06:12.714862 [debug] [Thread-1 (]: dbt_clickhouse adapter: On model.northwind_transformations.stg_order_details: /* {"app": "dbt", "dbt_version": "1.11.11", "profile_name": "northwind", "target_name": "dev", "node_id": "model.northwind_transformations.stg_order_details"} */
EXCHANGE TABLES `northwind`.`stg_order_details__dbt_backup` AND `northwind`.`stg_order_details` 
  
  ...
[0m18:06:12.718682 [debug] [Thread-1 (]: dbt_clickhouse adapter: SQL status: OK in 0.00 seconds
[0m18:06:12.752205 [debug] [Thread-1 (]: dbt_clickhouse adapter: On model.northwind_transformations.stg_order_details: /* {"app": "dbt", "dbt_version": "1.11.11", "profile_name": "northwind", "target_name": "dev", "node_id": "model.northwind_transformations.stg_order_details"} */
drop table if exists `northwind`.`stg_order_details__dbt_backup` 
  ...
[0m18:06:12.757112 [debug] [Thread-1 (]: dbt_clickhouse adapter: SQL status: OK in 0.00 seconds
[0m18:06:12.763219 [debug] [Thread-1 (]: Sending event: {'category': 'dbt', 'action': 'run_model', 'label': 'b9194cf4-a1eb-4c55-8f91-3df80894b026', 'context': [<snowplow_tracker.self_describing_json.SelfDescribingJson object at 0x7f89e983e480>]}
[0m18:06:12.764551 [info ] [Thread-1 (]: 1 of 3 OK created sql table model `northwind`.`stg_order_details` .............. [[32mOK[0m in 0.28s]
[0m18:06:12.766094 [debug] [Thread-1 (]: Finished running node model.northwind_transformations.stg_order_details
[0m18:06:12.767705 [debug] [Thread-1 (]: Began running node model.northwind_transformations.stg_orders
[0m18:06:12.769137 [info ] [Thread-1 (]: 2 of 3 START sql table model `northwind`.`stg_orders` .......................... [RUN]
[0m18:06:12.770327 [debug] [Thread-1 (]: Re-using an available connection from the pool (formerly model.northwind_transformations.stg_order_details, now model.northwind_transformations.stg_orders)
[0m18:06:12.771191 [debug] [Thread-1 (]: Began compiling node model.northwind_transformations.stg_orders
[0m18:06:12.775114 [debug] [Thread-1 (]: Writing injected SQL for node "model.northwind_transformations.stg_orders"
[0m18:06:12.776757 [debug] [Thread-1 (]: Began executing node model.northwind_transformations.stg_orders
[0m18:06:12.784224 [debug] [Thread-1 (]: dbt_clickhouse adapter: On model.northwind_transformations.stg_orders: /* {"app": "dbt", "dbt_version": "1.11.11", "profile_name": "northwind", "target_name": "dev", "node_id": "model.northwind_transformations.stg_orders"} */

            

    
        create table `northwind`.`stg_orders__dbt_backup`
        
  
        
  engine = MergeTree()
        
      order by (tuple())
        
        
        
        
                    -- end_of_sql
                    SETTINGS replicated_deduplication_window='0'

                    
            empty
          as (
            with raw_data as (
    select
        JSONExtractString(data, 'order_id') as order_id,
        JSONExtractString(data, 'customer_id') as customer_id,
        JSONExtractInt(data, 'employee_id') as employee_id,
        JSONExtractString(data, 'order_date') as order_date,
        JSONExtractFloat(data, 'freight') as freight,
        JSONExtractString(data, 'ship_country') as ship_country
    from northwind.ingestion
    where tag = 'northwind_orders.csv'
)

select
    toInt64(order_id) as order_id,
    customer_id,
    employee_id,
    toDate(order_date) as order_date,
    freight,
    ship_country
from raw_data
          )
        
        ...
[0m18:06:12.795197 [debug] [Thread-1 (]: dbt_clickhouse adapter: SQL status: OK in 0.01 seconds
[0m18:06:12.801751 [debug] [Thread-1 (]: dbt_clickhouse adapter: On model.northwind_transformations.stg_orders: /* {"app": "dbt", "dbt_version": "1.11.11", "profile_name": "northwind", "target_name": "dev", "node_id": "model.northwind_transformations.stg_orders"} */

    select name, type from system.columns where table = 'stg_orders__dbt_backup'
    
      
        and database = 'northwind'
      
    
    order by position
  ...
[0m18:06:12.807298 [debug] [Thread-1 (]: dbt_clickhouse adapter: SQL status: OK in 0.00 seconds
[0m18:06:12.809949 [debug] [Thread-1 (]: Writing runtime sql for node "model.northwind_transformations.stg_orders"
[0m18:06:12.811213 [debug] [Thread-1 (]: dbt_clickhouse adapter: On model.northwind_transformations.stg_orders: /* {"app": "dbt", "dbt_version": "1.11.11", "profile_name": "northwind", "target_name": "dev", "node_id": "model.northwind_transformations.stg_orders"} */

  
    
    
    
        
         


        
  

  insert into `northwind`.`stg_orders__dbt_backup`
        ("order_id", "customer_id", "employee_id", "order_date", "freight", "ship_country")with raw_data as (
    select
        JSONExtractString(data, 'order_id') as order_id,
        JSONExtractString(data, 'customer_id') as customer_id,
        JSONExtractInt(data, 'employee_id') as employee_id,
        JSONExtractString(data, 'order_date') as order_date,
        JSONExtractFloat(data, 'freight') as freight,
        JSONExtractString(data, 'ship_country') as ship_country
    from northwind.ingestion
    where tag = 'northwind_orders.csv'
)

select
    toInt64(order_id) as order_id,
    customer_id,
    employee_id,
    toDate(order_date) as order_date,
    freight,
    ship_country
from raw_data
  ...
[0m18:06:12.825073 [debug] [Thread-1 (]: dbt_clickhouse adapter: SQL status: OK in 0.01 seconds
[0m18:06:12.827512 [debug] [Thread-1 (]: dbt_clickhouse adapter: On model.northwind_transformations.stg_orders: /* {"app": "dbt", "dbt_version": "1.11.11", "profile_name": "northwind", "target_name": "dev", "node_id": "model.northwind_transformations.stg_orders"} */
EXCHANGE TABLES `northwind`.`stg_orders__dbt_backup` AND `northwind`.`stg_orders` 
  
  ...
[0m18:06:12.832506 [debug] [Thread-1 (]: dbt_clickhouse adapter: SQL status: OK in 0.00 seconds
[0m18:06:12.846856 [debug] [Thread-1 (]: dbt_clickhouse adapter: On model.northwind_transformations.stg_orders: /* {"app": "dbt", "dbt_version": "1.11.11", "profile_name": "northwind", "target_name": "dev", "node_id": "model.northwind_transformations.stg_orders"} */
drop table if exists `northwind`.`stg_orders__dbt_backup` 
  ...
[0m18:06:12.854791 [debug] [Thread-1 (]: dbt_clickhouse adapter: SQL status: OK in 0.01 seconds
[0m18:06:12.857280 [debug] [Thread-1 (]: Sending event: {'category': 'dbt', 'action': 'run_model', 'label': 'b9194cf4-a1eb-4c55-8f91-3df80894b026', 'context': [<snowplow_tracker.self_describing_json.SelfDescribingJson object at 0x7f89e55bf110>]}
[0m18:06:12.862228 [info ] [Thread-1 (]: 2 of 3 OK created sql table model `northwind`.`stg_orders` ..................... [[32mOK[0m in 0.09s]
[0m18:06:12.864110 [debug] [Thread-1 (]: Finished running node model.northwind_transformations.stg_orders
[0m18:06:12.869880 [debug] [Thread-1 (]: Began running node model.northwind_transformations.fct_sales
[0m18:06:12.872684 [info ] [Thread-1 (]: 3 of 3 START sql view model `northwind`.`fct_sales` ............................ [RUN]
[0m18:06:12.874642 [debug] [Thread-1 (]: Re-using an available connection from the pool (formerly model.northwind_transformations.stg_orders, now model.northwind_transformations.fct_sales)
[0m18:06:12.876883 [debug] [Thread-1 (]: Began compiling node model.northwind_transformations.fct_sales
[0m18:06:12.895891 [debug] [Thread-1 (]: Writing injected SQL for node "model.northwind_transformations.fct_sales"
[0m18:06:12.899224 [debug] [Thread-1 (]: Began executing node model.northwind_transformations.fct_sales
[0m18:06:12.973048 [debug] [Thread-1 (]: Relation fct_sales already exists, replacing it
[0m18:06:12.995847 [debug] [Thread-1 (]: Model mvs to replace ['fct_sales_mv']
[0m18:06:13.021562 [debug] [Thread-1 (]: dbt_clickhouse adapter: On model.northwind_transformations.fct_sales: /* {"app": "dbt", "dbt_version": "1.11.11", "profile_name": "northwind", "target_name": "dev", "node_id": "model.northwind_transformations.fct_sales"} */

    
    select name
    from system.tables
    where engine = 'MaterializedView'
      and extract(create_table_query, 'TO\\s+([^\\s(]+)') = 'northwind.fct_sales'
  
  ...
[0m18:06:13.049395 [debug] [Thread-1 (]: dbt_clickhouse adapter: SQL status: OK in 0.02 seconds
[0m18:06:13.093599 [debug] [Thread-1 (]: Writing runtime sql for node "model.northwind_transformations.fct_sales"
[0m18:06:13.095518 [debug] [Thread-1 (]: dbt_clickhouse adapter: On model.northwind_transformations.fct_sales: /* {"app": "dbt", "dbt_version": "1.11.11", "profile_name": "northwind", "target_name": "dev", "node_id": "model.northwind_transformations.fct_sales"} */


  create or replace view `northwind`.`fct_sales` 
  
    
  
  
    
    
  as (
    with orders as (
    select * from `northwind`.`stg_orders`
),
details as (
    select 
        order_id,
        sum(total_price) as order_total_value,
        sum(quantity) as total_items
    from `northwind`.`stg_order_details`
    group by order_id
)

select
    o.order_id,
    o.customer_id,
    o.order_date,
    o.ship_country,
    d.order_total_value,
    d.total_items
from orders o
left join details d on o.order_id = d.order_id
    
  )
      
      
                    -- end_of_sql
                    
                    ...
[0m18:06:13.124276 [debug] [Thread-1 (]: dbt_clickhouse adapter: SQL status: OK in 0.03 seconds
[0m18:06:13.136647 [debug] [Thread-1 (]: Sending event: {'category': 'dbt', 'action': 'run_model', 'label': 'b9194cf4-a1eb-4c55-8f91-3df80894b026', 'context': [<snowplow_tracker.self_describing_json.SelfDescribingJson object at 0x7f89e55b42f0>]}
[0m18:06:13.137951 [info ] [Thread-1 (]: 3 of 3 OK created sql view model `northwind`.`fct_sales` ....................... [[32mOK[0m in 0.26s]
[0m18:06:13.138989 [debug] [Thread-1 (]: Finished running node model.northwind_transformations.fct_sales
[0m18:06:13.140778 [debug] [MainThread]: Connection 'master' was properly closed.
[0m18:06:13.141291 [debug] [MainThread]: Connection 'model.northwind_transformations.fct_sales' was left open.
[0m18:06:13.141889 [debug] [MainThread]: On model.northwind_transformations.fct_sales: Close
[0m18:06:13.142570 [info ] [MainThread]: 
[0m18:06:13.143394 [info ] [MainThread]: Finished running 2 table models, 1 view model in 0 hours 0 minutes and 0.92 seconds (0.92s).
[0m18:06:13.144939 [debug] [MainThread]: Command end result
[0m18:06:13.198946 [debug] [MainThread]: Wrote artifact WritableManifest to /workspaces/20261sre-projeto-final/northwind_transformations/target/manifest.json
[0m18:06:13.201758 [debug] [MainThread]: Wrote artifact SemanticManifest to /workspaces/20261sre-projeto-final/northwind_transformations/target/semantic_manifest.json
[0m18:06:13.209068 [debug] [MainThread]: Wrote artifact RunExecutionResult to /workspaces/20261sre-projeto-final/northwind_transformations/target/run_results.json
[0m18:06:13.210197 [info ] [MainThread]: 
[0m18:06:13.211353 [info ] [MainThread]: [32mCompleted successfully[0m
[0m18:06:13.212262 [info ] [MainThread]: 
[0m18:06:13.213122 [info ] [MainThread]: Done. PASS=3 WARN=0 ERROR=0 SKIP=0 NO-OP=0 TOTAL=3
[0m18:06:13.215229 [debug] [MainThread]: Resource report: {"command_name": "run", "command_success": true, "command_wall_clock_time": 2.7076707, "process_in_blocks": "1216", "process_kernel_time": 0.575068, "process_mem_max_rss": "141492", "process_out_blocks": "2632", "process_user_time": 4.997547}
[0m18:06:13.216413 [debug] [MainThread]: Command `dbt run` succeeded at 18:06:13.216240 after 2.71 seconds
[0m18:06:13.217420 [debug] [MainThread]: Sending event: {'category': 'dbt', 'action': 'invocation', 'label': 'end', 'context': [<snowplow_tracker.self_describing_json.SelfDescribingJson object at 0x7f89e6e025a0>, <snowplow_tracker.self_describing_json.SelfDescribingJson object at 0x7f89e5664050>, <snowplow_tracker.self_describing_json.SelfDescribingJson object at 0x7f89e5664650>]}
[0m18:06:13.218519 [debug] [MainThread]: Flushing usage events
[0m18:06:13.312456 [debug] [MainThread]: An error was encountered while trying to flush usage events
[0m18:06:19.837451 [debug] [MainThread]: Sending event: {'category': 'dbt', 'action': 'invocation', 'label': 'start', 'context': [<snowplow_tracker.self_describing_json.SelfDescribingJson object at 0x75a467caf9b0>, <snowplow_tracker.self_describing_json.SelfDescribingJson object at 0x75a46a852090>, <snowplow_tracker.self_describing_json.SelfDescribingJson object at 0x75a4677cdc40>]}


============================== 18:06:19.848180 | e6dc2d24-f0eb-4c03-9249-9a0f157eb67a ==============================
[0m18:06:19.848180 [info ] [MainThread]: Running with dbt=1.11.11
[0m18:06:19.849669 [debug] [MainThread]: running dbt with arguments {'quiet': 'False', 'cache_selected_only': 'False', 'partial_parse': 'True', 'fail_fast': 'False', 'profiles_dir': '/workspaces/20261sre-projeto-final/northwind_transformations', 'write_json': 'True', 'use_colors': 'True', 'indirect_selection': 'eager', 'no_print': 'None', 'invocation_command': 'dbt test', 'send_anonymous_usage_stats': 'True', 'version_check': 'True', 'warn_error_options': 'WarnErrorOptionsV2(error=[], warn=[], silence=[])', 'target_path': 'None', 'debug': 'False', 'static_parser': 'True', 'log_path': '/workspaces/20261sre-projeto-final/northwind_transformations/logs', 'empty': 'None', 'use_experimental_parser': 'False', 'warn_error': 'None', 'introspect': 'True', 'printer_width': '80', 'log_cache_events': 'False', 'log_format': 'default'}
[0m18:06:20.213570 [debug] [MainThread]: Sending event: {'category': 'dbt', 'action': 'project_id', 'label': 'e6dc2d24-f0eb-4c03-9249-9a0f157eb67a', 'context': [<snowplow_tracker.self_describing_json.SelfDescribingJson object at 0x75a4675a2b10>]}
[0m18:06:20.307546 [debug] [MainThread]: Sending event: {'category': 'dbt', 'action': 'adapter_info', 'label': 'e6dc2d24-f0eb-4c03-9249-9a0f157eb67a', 'context': [<snowplow_tracker.self_describing_json.SelfDescribingJson object at 0x75a4675a2c00>]}
[0m18:06:20.309178 [info ] [MainThread]: Registered adapter: clickhouse=1.10.0
[0m18:06:20.594753 [debug] [MainThread]: checksum: 30a8cc8fdcbf66701b0944d4ccce3fa46dd04b61e5df68b9f16d57b2e0e3f0be, vars: {}, profile: , target: , version: 1.11.11
[0m18:06:20.755258 [debug] [MainThread]: Partial parsing enabled: 0 files deleted, 0 files added, 0 files changed.
[0m18:06:20.756019 [debug] [MainThread]: Nothing changed, skipping partial parsing.
[0m18:06:20.756590 [debug] [MainThread]: Partial parsing enabled, no changes found, skipping parsing
[0m18:06:20.821648 [debug] [MainThread]: Sending event: {'category': 'dbt', 'action': 'load_project', 'label': 'e6dc2d24-f0eb-4c03-9249-9a0f157eb67a', 'context': [<snowplow_tracker.self_describing_json.SelfDescribingJson object at 0x75a4672afa10>]}
[0m18:06:21.205545 [debug] [MainThread]: Wrote artifact WritableManifest to /workspaces/20261sre-projeto-final/northwind_transformations/target/manifest.json
[0m18:06:21.208817 [debug] [MainThread]: Wrote artifact SemanticManifest to /workspaces/20261sre-projeto-final/northwind_transformations/target/semantic_manifest.json
[0m18:06:21.233353 [debug] [MainThread]: Sending event: {'category': 'dbt', 'action': 'resource_counts', 'label': 'e6dc2d24-f0eb-4c03-9249-9a0f157eb67a', 'context': [<snowplow_tracker.self_describing_json.SelfDescribingJson object at 0x75a4675a3d40>]}
[0m18:06:21.234204 [info ] [MainThread]: Found 3 models, 8 data tests, 523 macros
[0m18:06:21.234907 [debug] [MainThread]: Sending event: {'category': 'dbt', 'action': 'runnable_timing', 'label': 'e6dc2d24-f0eb-4c03-9249-9a0f157eb67a', 'context': [<snowplow_tracker.self_describing_json.SelfDescribingJson object at 0x75a467103b00>]}
[0m18:06:21.237547 [info ] [MainThread]: 
[0m18:06:21.238258 [info ] [MainThread]: Concurrency: 1 threads (target='dev')
[0m18:06:21.238977 [info ] [MainThread]: 
[0m18:06:21.239922 [debug] [MainThread]: Acquiring new clickhouse connection 'master'
[0m18:06:21.247190 [debug] [ThreadPool]: Acquiring new clickhouse connection 'list__northwind'
[0m18:06:21.261759 [debug] [ThreadPool]: Opening a new connection, currently in state init
[0m18:06:21.386288 [debug] [ThreadPool]: dbt_clickhouse adapter: On list__northwind: /* {"app": "dbt", "dbt_version": "1.11.11", "profile_name": "northwind", "target_name": "dev", "connection_name": "list__northwind"} */
with mv_sources as (
      -- Find all MVs and their target tables (database and name of the MV, plus the SELECT SQL)
      select
        name as mv_name,
        database as mv_database,
        any(as_select) as mv_sql,
        any(replaceRegexpOne(create_table_query, '.*TO\\s+`?([^`\\s(]+)`?\\.`?([^`\\s(]+)`?.*', '\\1.\\2')) as target_fqn
      
      from system.tables
      
      where engine = 'MaterializedView'
        and create_table_query like '%TO %'
      group by mv_name, mv_database
    )
    select
      t.name as name,
      t.database as schema,
      multiIf(
        t.engine = 'MaterializedView', 'materialized_view',
        t.engine = 'View', 'view',
        t.engine = 'Dictionary', 'dictionary',
        'table'
      ) as type,
      db.engine as db_engine,
      groupArrayIf(
        map('schema', mv_sources.mv_database, 'name', mv_sources.mv_name, 'sql', mv_sources.mv_sql),
        mv_sources.mv_name != ''
      ) as mvs_pointing_to_it,0 as is_on_cluster
        from system.tables as t
      
        join system.databases as db on t.database = db.name
        left join mv_sources on mv_sources.target_fqn = concat(t.database, '.', t.name)
      where schema = 'northwind'
      group by name, schema, type, db_engine

  ...
[0m18:06:21.399062 [debug] [ThreadPool]: dbt_clickhouse adapter: SQL status: OK in 0.01 seconds
[0m18:06:21.450638 [debug] [MainThread]: Sending event: {'category': 'dbt', 'action': 'runnable_timing', 'label': 'e6dc2d24-f0eb-4c03-9249-9a0f157eb67a', 'context': [<snowplow_tracker.self_describing_json.SelfDescribingJson object at 0x75a46741d2b0>]}
[0m18:06:21.453723 [debug] [Thread-1 (]: Began running node test.northwind_transformations.not_null_fct_sales_order_id.4987638769
[0m18:06:21.454489 [info ] [Thread-1 (]: 1 of 8 START test not_null_fct_sales_order_id .................................. [RUN]
[0m18:06:21.455510 [debug] [Thread-1 (]: Re-using an available connection from the pool (formerly list__northwind, now test.northwind_transformations.not_null_fct_sales_order_id.4987638769)
[0m18:06:21.456209 [debug] [Thread-1 (]: Began compiling node test.northwind_transformations.not_null_fct_sales_order_id.4987638769
[0m18:06:21.475467 [debug] [Thread-1 (]: Writing injected SQL for node "test.northwind_transformations.not_null_fct_sales_order_id.4987638769"
[0m18:06:21.477294 [debug] [Thread-1 (]: Began executing node test.northwind_transformations.not_null_fct_sales_order_id.4987638769
[0m18:06:21.509188 [debug] [Thread-1 (]: Writing runtime sql for node "test.northwind_transformations.not_null_fct_sales_order_id.4987638769"
[0m18:06:21.510580 [debug] [Thread-1 (]: dbt_clickhouse adapter: On test.northwind_transformations.not_null_fct_sales_order_id.4987638769: /* {"app": "dbt", "dbt_version": "1.11.11", "profile_name": "northwind", "target_name": "dev", "node_id": "test.northwind_transformations.not_null_fct_sales_order_id.4987638769"} */

    
    select
      count(*) as failures,
      count(*) != 0 as should_warn,
      count(*) != 0 as should_error
    from (
      
    
  
    
    



select order_id
from `northwind`.`fct_sales`
where order_id is null



  
  
    ) dbt_internal_test...
[0m18:06:21.521815 [debug] [Thread-1 (]: dbt_clickhouse adapter: SQL status: OK in 0.01 seconds
[0m18:06:21.531354 [info ] [Thread-1 (]: 1 of 8 PASS not_null_fct_sales_order_id ........................................ [[32mPASS[0m in 0.08s]
[0m18:06:21.532808 [debug] [Thread-1 (]: Finished running node test.northwind_transformations.not_null_fct_sales_order_id.4987638769
[0m18:06:21.533874 [debug] [Thread-1 (]: Began running node test.northwind_transformations.not_null_fct_sales_order_total_value.da0ee612a9
[0m18:06:21.535186 [info ] [Thread-1 (]: 2 of 8 START test not_null_fct_sales_order_total_value ......................... [RUN]
[0m18:06:21.536376 [debug] [Thread-1 (]: Re-using an available connection from the pool (formerly test.northwind_transformations.not_null_fct_sales_order_id.4987638769, now test.northwind_transformations.not_null_fct_sales_order_total_value.da0ee612a9)
[0m18:06:21.537435 [debug] [Thread-1 (]: Began compiling node test.northwind_transformations.not_null_fct_sales_order_total_value.da0ee612a9
[0m18:06:21.545549 [debug] [Thread-1 (]: Writing injected SQL for node "test.northwind_transformations.not_null_fct_sales_order_total_value.da0ee612a9"
[0m18:06:21.547367 [debug] [Thread-1 (]: Began executing node test.northwind_transformations.not_null_fct_sales_order_total_value.da0ee612a9
[0m18:06:21.552495 [debug] [Thread-1 (]: Writing runtime sql for node "test.northwind_transformations.not_null_fct_sales_order_total_value.da0ee612a9"
[0m18:06:21.554382 [debug] [Thread-1 (]: dbt_clickhouse adapter: On test.northwind_transformations.not_null_fct_sales_order_total_value.da0ee612a9: /* {"app": "dbt", "dbt_version": "1.11.11", "profile_name": "northwind", "target_name": "dev", "node_id": "test.northwind_transformations.not_null_fct_sales_order_total_value.da0ee612a9"} */

    
    select
      count(*) as failures,
      count(*) != 0 as should_warn,
      count(*) != 0 as should_error
    from (
      
    
  
    
    



select order_total_value
from `northwind`.`fct_sales`
where order_total_value is null



  
  
    ) dbt_internal_test...
[0m18:06:21.585879 [debug] [Thread-1 (]: dbt_clickhouse adapter: SQL status: OK in 0.03 seconds
[0m18:06:21.589388 [info ] [Thread-1 (]: 2 of 8 PASS not_null_fct_sales_order_total_value ............................... [[32mPASS[0m in 0.05s]
[0m18:06:21.591129 [debug] [Thread-1 (]: Finished running node test.northwind_transformations.not_null_fct_sales_order_total_value.da0ee612a9
[0m18:06:21.592008 [debug] [Thread-1 (]: Began running node test.northwind_transformations.not_null_fct_sales_total_items.1376e767eb
[0m18:06:21.592877 [info ] [Thread-1 (]: 3 of 8 START test not_null_fct_sales_total_items ............................... [RUN]
[0m18:06:21.593773 [debug] [Thread-1 (]: Re-using an available connection from the pool (formerly test.northwind_transformations.not_null_fct_sales_order_total_value.da0ee612a9, now test.northwind_transformations.not_null_fct_sales_total_items.1376e767eb)
[0m18:06:21.594492 [debug] [Thread-1 (]: Began compiling node test.northwind_transformations.not_null_fct_sales_total_items.1376e767eb
[0m18:06:21.600141 [debug] [Thread-1 (]: Writing injected SQL for node "test.northwind_transformations.not_null_fct_sales_total_items.1376e767eb"
[0m18:06:21.601334 [debug] [Thread-1 (]: Began executing node test.northwind_transformations.not_null_fct_sales_total_items.1376e767eb
[0m18:06:21.608117 [debug] [Thread-1 (]: Writing runtime sql for node "test.northwind_transformations.not_null_fct_sales_total_items.1376e767eb"
[0m18:06:21.609367 [debug] [Thread-1 (]: dbt_clickhouse adapter: On test.northwind_transformations.not_null_fct_sales_total_items.1376e767eb: /* {"app": "dbt", "dbt_version": "1.11.11", "profile_name": "northwind", "target_name": "dev", "node_id": "test.northwind_transformations.not_null_fct_sales_total_items.1376e767eb"} */

    
    select
      count(*) as failures,
      count(*) != 0 as should_warn,
      count(*) != 0 as should_error
    from (
      
    
  
    
    



select total_items
from `northwind`.`fct_sales`
where total_items is null



  
  
    ) dbt_internal_test...
[0m18:06:21.622246 [debug] [Thread-1 (]: dbt_clickhouse adapter: SQL status: OK in 0.01 seconds
[0m18:06:21.624900 [info ] [Thread-1 (]: 3 of 8 PASS not_null_fct_sales_total_items ..................................... [[32mPASS[0m in 0.03s]
[0m18:06:21.629113 [debug] [Thread-1 (]: Finished running node test.northwind_transformations.not_null_fct_sales_total_items.1376e767eb
[0m18:06:21.630766 [debug] [Thread-1 (]: Began running node test.northwind_transformations.not_null_stg_order_details_order_id.c4b83821af
[0m18:06:21.631752 [info ] [Thread-1 (]: 4 of 8 START test not_null_stg_order_details_order_id .......................... [RUN]
[0m18:06:21.633322 [debug] [Thread-1 (]: Re-using an available connection from the pool (formerly test.northwind_transformations.not_null_fct_sales_total_items.1376e767eb, now test.northwind_transformations.not_null_stg_order_details_order_id.c4b83821af)
[0m18:06:21.634480 [debug] [Thread-1 (]: Began compiling node test.northwind_transformations.not_null_stg_order_details_order_id.c4b83821af
[0m18:06:21.641781 [debug] [Thread-1 (]: Writing injected SQL for node "test.northwind_transformations.not_null_stg_order_details_order_id.c4b83821af"
[0m18:06:21.643918 [debug] [Thread-1 (]: Began executing node test.northwind_transformations.not_null_stg_order_details_order_id.c4b83821af
[0m18:06:21.648856 [debug] [Thread-1 (]: Writing runtime sql for node "test.northwind_transformations.not_null_stg_order_details_order_id.c4b83821af"
[0m18:06:21.651900 [debug] [Thread-1 (]: dbt_clickhouse adapter: On test.northwind_transformations.not_null_stg_order_details_order_id.c4b83821af: /* {"app": "dbt", "dbt_version": "1.11.11", "profile_name": "northwind", "target_name": "dev", "node_id": "test.northwind_transformations.not_null_stg_order_details_order_id.c4b83821af"} */

    
    select
      count(*) as failures,
      count(*) != 0 as should_warn,
      count(*) != 0 as should_error
    from (
      
    
  
    
    



select order_id
from `northwind`.`stg_order_details`
where order_id is null



  
  
    ) dbt_internal_test...
[0m18:06:21.660372 [debug] [Thread-1 (]: dbt_clickhouse adapter: SQL status: OK in 0.01 seconds
[0m18:06:21.663556 [info ] [Thread-1 (]: 4 of 8 PASS not_null_stg_order_details_order_id ................................ [[32mPASS[0m in 0.03s]
[0m18:06:21.665086 [debug] [Thread-1 (]: Finished running node test.northwind_transformations.not_null_stg_order_details_order_id.c4b83821af
[0m18:06:21.666438 [debug] [Thread-1 (]: Began running node test.northwind_transformations.not_null_stg_order_details_product_id.817da0fb10
[0m18:06:21.667588 [info ] [Thread-1 (]: 5 of 8 START test not_null_stg_order_details_product_id ........................ [RUN]
[0m18:06:21.668557 [debug] [Thread-1 (]: Re-using an available connection from the pool (formerly test.northwind_transformations.not_null_stg_order_details_order_id.c4b83821af, now test.northwind_transformations.not_null_stg_order_details_product_id.817da0fb10)
[0m18:06:21.669552 [debug] [Thread-1 (]: Began compiling node test.northwind_transformations.not_null_stg_order_details_product_id.817da0fb10
[0m18:06:21.678574 [debug] [Thread-1 (]: Writing injected SQL for node "test.northwind_transformations.not_null_stg_order_details_product_id.817da0fb10"
[0m18:06:21.680823 [debug] [Thread-1 (]: Began executing node test.northwind_transformations.not_null_stg_order_details_product_id.817da0fb10
[0m18:06:21.685668 [debug] [Thread-1 (]: Writing runtime sql for node "test.northwind_transformations.not_null_stg_order_details_product_id.817da0fb10"
[0m18:06:21.687740 [debug] [Thread-1 (]: dbt_clickhouse adapter: On test.northwind_transformations.not_null_stg_order_details_product_id.817da0fb10: /* {"app": "dbt", "dbt_version": "1.11.11", "profile_name": "northwind", "target_name": "dev", "node_id": "test.northwind_transformations.not_null_stg_order_details_product_id.817da0fb10"} */

    
    select
      count(*) as failures,
      count(*) != 0 as should_warn,
      count(*) != 0 as should_error
    from (
      
    
  
    
    



select product_id
from `northwind`.`stg_order_details`
where product_id is null



  
  
    ) dbt_internal_test...
[0m18:06:21.699926 [debug] [Thread-1 (]: dbt_clickhouse adapter: SQL status: OK in 0.01 seconds
[0m18:06:21.708832 [info ] [Thread-1 (]: 5 of 8 PASS not_null_stg_order_details_product_id .............................. [[32mPASS[0m in 0.04s]
[0m18:06:21.714256 [debug] [Thread-1 (]: Finished running node test.northwind_transformations.not_null_stg_order_details_product_id.817da0fb10
[0m18:06:21.715382 [debug] [Thread-1 (]: Began running node test.northwind_transformations.not_null_stg_orders_customer_id.af79d5e4b5
[0m18:06:21.717372 [info ] [Thread-1 (]: 6 of 8 START test not_null_stg_orders_customer_id .............................. [RUN]
[0m18:06:21.720697 [debug] [Thread-1 (]: Re-using an available connection from the pool (formerly test.northwind_transformations.not_null_stg_order_details_product_id.817da0fb10, now test.northwind_transformations.not_null_stg_orders_customer_id.af79d5e4b5)
[0m18:06:21.721790 [debug] [Thread-1 (]: Began compiling node test.northwind_transformations.not_null_stg_orders_customer_id.af79d5e4b5
[0m18:06:21.730843 [debug] [Thread-1 (]: Writing injected SQL for node "test.northwind_transformations.not_null_stg_orders_customer_id.af79d5e4b5"
[0m18:06:21.733475 [debug] [Thread-1 (]: Began executing node test.northwind_transformations.not_null_stg_orders_customer_id.af79d5e4b5
[0m18:06:21.738583 [debug] [Thread-1 (]: Writing runtime sql for node "test.northwind_transformations.not_null_stg_orders_customer_id.af79d5e4b5"
[0m18:06:21.740978 [debug] [Thread-1 (]: dbt_clickhouse adapter: On test.northwind_transformations.not_null_stg_orders_customer_id.af79d5e4b5: /* {"app": "dbt", "dbt_version": "1.11.11", "profile_name": "northwind", "target_name": "dev", "node_id": "test.northwind_transformations.not_null_stg_orders_customer_id.af79d5e4b5"} */

    
    select
      count(*) as failures,
      count(*) != 0 as should_warn,
      count(*) != 0 as should_error
    from (
      
    
  
    
    



select customer_id
from `northwind`.`stg_orders`
where customer_id is null



  
  
    ) dbt_internal_test...
[0m18:06:21.747694 [debug] [Thread-1 (]: dbt_clickhouse adapter: SQL status: OK in 0.01 seconds
[0m18:06:21.751039 [info ] [Thread-1 (]: 6 of 8 PASS not_null_stg_orders_customer_id .................................... [[32mPASS[0m in 0.03s]
[0m18:06:21.752516 [debug] [Thread-1 (]: Finished running node test.northwind_transformations.not_null_stg_orders_customer_id.af79d5e4b5
[0m18:06:21.753533 [debug] [Thread-1 (]: Began running node test.northwind_transformations.not_null_stg_orders_order_id.81cfe2fe64
[0m18:06:21.754376 [info ] [Thread-1 (]: 7 of 8 START test not_null_stg_orders_order_id ................................. [RUN]
[0m18:06:21.755346 [debug] [Thread-1 (]: Re-using an available connection from the pool (formerly test.northwind_transformations.not_null_stg_orders_customer_id.af79d5e4b5, now test.northwind_transformations.not_null_stg_orders_order_id.81cfe2fe64)
[0m18:06:21.756146 [debug] [Thread-1 (]: Began compiling node test.northwind_transformations.not_null_stg_orders_order_id.81cfe2fe64
[0m18:06:21.761698 [debug] [Thread-1 (]: Writing injected SQL for node "test.northwind_transformations.not_null_stg_orders_order_id.81cfe2fe64"
[0m18:06:21.762985 [debug] [Thread-1 (]: Began executing node test.northwind_transformations.not_null_stg_orders_order_id.81cfe2fe64
[0m18:06:21.766317 [debug] [Thread-1 (]: Writing runtime sql for node "test.northwind_transformations.not_null_stg_orders_order_id.81cfe2fe64"
[0m18:06:21.767741 [debug] [Thread-1 (]: dbt_clickhouse adapter: On test.northwind_transformations.not_null_stg_orders_order_id.81cfe2fe64: /* {"app": "dbt", "dbt_version": "1.11.11", "profile_name": "northwind", "target_name": "dev", "node_id": "test.northwind_transformations.not_null_stg_orders_order_id.81cfe2fe64"} */

    
    select
      count(*) as failures,
      count(*) != 0 as should_warn,
      count(*) != 0 as should_error
    from (
      
    
  
    
    



select order_id
from `northwind`.`stg_orders`
where order_id is null



  
  
    ) dbt_internal_test...
[0m18:06:21.774480 [debug] [Thread-1 (]: dbt_clickhouse adapter: SQL status: OK in 0.01 seconds
[0m18:06:21.779380 [info ] [Thread-1 (]: 7 of 8 PASS not_null_stg_orders_order_id ....................................... [[32mPASS[0m in 0.02s]
[0m18:06:21.782803 [debug] [Thread-1 (]: Finished running node test.northwind_transformations.not_null_stg_orders_order_id.81cfe2fe64
[0m18:06:21.785833 [debug] [Thread-1 (]: Began running node test.northwind_transformations.unique_stg_orders_order_id.e3b841c71a
[0m18:06:21.787024 [info ] [Thread-1 (]: 8 of 8 START test unique_stg_orders_order_id ................................... [RUN]
[0m18:06:21.788505 [debug] [Thread-1 (]: Re-using an available connection from the pool (formerly test.northwind_transformations.not_null_stg_orders_order_id.81cfe2fe64, now test.northwind_transformations.unique_stg_orders_order_id.e3b841c71a)
[0m18:06:21.789920 [debug] [Thread-1 (]: Began compiling node test.northwind_transformations.unique_stg_orders_order_id.e3b841c71a
[0m18:06:21.806100 [debug] [Thread-1 (]: Writing injected SQL for node "test.northwind_transformations.unique_stg_orders_order_id.e3b841c71a"
[0m18:06:21.809776 [debug] [Thread-1 (]: Began executing node test.northwind_transformations.unique_stg_orders_order_id.e3b841c71a
[0m18:06:21.820381 [debug] [Thread-1 (]: Writing runtime sql for node "test.northwind_transformations.unique_stg_orders_order_id.e3b841c71a"
[0m18:06:21.823177 [debug] [Thread-1 (]: dbt_clickhouse adapter: On test.northwind_transformations.unique_stg_orders_order_id.e3b841c71a: /* {"app": "dbt", "dbt_version": "1.11.11", "profile_name": "northwind", "target_name": "dev", "node_id": "test.northwind_transformations.unique_stg_orders_order_id.e3b841c71a"} */

    
    select
      count(*) as failures,
      count(*) != 0 as should_warn,
      count(*) != 0 as should_error
    from (
      
    
  
    
    

select
    order_id as unique_field,
    count(*) as n_records

from `northwind`.`stg_orders`
where order_id is not null
group by order_id
having count(*) > 1



  
  
    ) dbt_internal_test...
[0m18:06:21.836138 [debug] [Thread-1 (]: dbt_clickhouse adapter: SQL status: OK in 0.01 seconds
[0m18:06:21.838347 [info ] [Thread-1 (]: 8 of 8 PASS unique_stg_orders_order_id ......................................... [[32mPASS[0m in 0.05s]
[0m18:06:21.839337 [debug] [Thread-1 (]: Finished running node test.northwind_transformations.unique_stg_orders_order_id.e3b841c71a
[0m18:06:21.842579 [debug] [MainThread]: Connection 'master' was properly closed.
[0m18:06:21.843210 [debug] [MainThread]: Connection 'test.northwind_transformations.unique_stg_orders_order_id.e3b841c71a' was left open.
[0m18:06:21.844363 [debug] [MainThread]: On test.northwind_transformations.unique_stg_orders_order_id.e3b841c71a: Close
[0m18:06:21.846002 [info ] [MainThread]: 
[0m18:06:21.846906 [info ] [MainThread]: Finished running 8 data tests in 0 hours 0 minutes and 0.61 seconds (0.61s).
[0m18:06:21.848747 [debug] [MainThread]: Command end result
[0m18:06:21.917603 [debug] [MainThread]: Wrote artifact WritableManifest to /workspaces/20261sre-projeto-final/northwind_transformations/target/manifest.json
[0m18:06:21.922162 [debug] [MainThread]: Wrote artifact SemanticManifest to /workspaces/20261sre-projeto-final/northwind_transformations/target/semantic_manifest.json
[0m18:06:21.933265 [debug] [MainThread]: Wrote artifact RunExecutionResult to /workspaces/20261sre-projeto-final/northwind_transformations/target/run_results.json
[0m18:06:21.933924 [info ] [MainThread]: 
[0m18:06:21.934788 [info ] [MainThread]: [32mCompleted successfully[0m
[0m18:06:21.935579 [info ] [MainThread]: 
[0m18:06:21.936426 [info ] [MainThread]: Done. PASS=8 WARN=0 ERROR=0 SKIP=0 NO-OP=0 TOTAL=8
[0m18:06:21.938243 [debug] [MainThread]: Resource report: {"command_name": "test", "command_success": true, "command_wall_clock_time": 2.1781936, "process_in_blocks": "0", "process_kernel_time": 0.520433, "process_mem_max_rss": "141684", "process_out_blocks": "2712", "process_user_time": 4.982664}
[0m18:06:21.939230 [debug] [MainThread]: Command `dbt test` succeeded at 18:06:21.939083 after 2.18 seconds
[0m18:06:21.940092 [debug] [MainThread]: Sending event: {'category': 'dbt', 'action': 'invocation', 'label': 'end', 'context': [<snowplow_tracker.self_describing_json.SelfDescribingJson object at 0x75a468686d20>, <snowplow_tracker.self_describing_json.SelfDescribingJson object at 0x75a4680e0260>, <snowplow_tracker.self_describing_json.SelfDescribingJson object at 0x75a467e581d0>]}
[0m18:06:21.941039 [debug] [MainThread]: Flushing usage events
[0m18:06:22.006551 [debug] [MainThread]: An error was encountered while trying to flush usage events
[0m18:14:46.988870 [debug] [MainThread]: Sending event: {'category': 'dbt', 'action': 'invocation', 'label': 'start', 'context': [<snowplow_tracker.self_describing_json.SelfDescribingJson object at 0x7d920ac8d820>, <snowplow_tracker.self_describing_json.SelfDescribingJson object at 0x7d920b6b4ef0>, <snowplow_tracker.self_describing_json.SelfDescribingJson object at 0x7d920aa74ad0>]}


============================== 18:14:47.069318 | dfbd7f9b-7319-4106-a46e-2eb84bf25bd2 ==============================
[0m18:14:47.069318 [info ] [MainThread]: Running with dbt=1.11.11
[0m18:14:47.084210 [debug] [MainThread]: running dbt with arguments {'profiles_dir': '/workspaces/20261sre-projeto-final/northwind_transformations', 'warn_error': 'None', 'target_path': 'None', 'log_cache_events': 'False', 'quiet': 'False', 'invocation_command': 'dbt run', 'empty': 'False', 'version_check': 'True', 'static_parser': 'True', 'indirect_selection': 'eager', 'write_json': 'True', 'warn_error_options': 'WarnErrorOptionsV2(error=[], warn=[], silence=[])', 'use_colors': 'True', 'partial_parse': 'True', 'no_print': 'None', 'debug': 'False', 'cache_selected_only': 'False', 'send_anonymous_usage_stats': 'True', 'fail_fast': 'False', 'log_format': 'default', 'use_experimental_parser': 'False', 'printer_width': '80', 'log_path': '/workspaces/20261sre-projeto-final/northwind_transformations/logs', 'introspect': 'True'}
[0m18:14:47.790383 [debug] [MainThread]: Sending event: {'category': 'dbt', 'action': 'project_id', 'label': 'dfbd7f9b-7319-4106-a46e-2eb84bf25bd2', 'context': [<snowplow_tracker.self_describing_json.SelfDescribingJson object at 0x7d920ab2d2e0>]}
[0m18:14:47.921642 [debug] [MainThread]: Sending event: {'category': 'dbt', 'action': 'adapter_info', 'label': 'dfbd7f9b-7319-4106-a46e-2eb84bf25bd2', 'context': [<snowplow_tracker.self_describing_json.SelfDescribingJson object at 0x7d920a9d6cc0>]}
[0m18:14:47.923289 [info ] [MainThread]: Registered adapter: clickhouse=1.10.0
[0m18:14:48.178129 [debug] [MainThread]: checksum: 30a8cc8fdcbf66701b0944d4ccce3fa46dd04b61e5df68b9f16d57b2e0e3f0be, vars: {}, profile: , target: , version: 1.11.11
[0m18:14:48.399826 [debug] [MainThread]: Partial parsing enabled: 0 files deleted, 0 files added, 2 files changed.
[0m18:14:48.401274 [debug] [MainThread]: Partial parsing: updated file: northwind_transformations://models/gold/schema.yml
[0m18:14:48.402070 [debug] [MainThread]: Partial parsing: updated file: northwind_transformations://models/gold/fct_sales.sql
[0m18:14:49.521220 [debug] [MainThread]: Sending event: {'category': 'dbt', 'action': 'load_project', 'label': 'dfbd7f9b-7319-4106-a46e-2eb84bf25bd2', 'context': [<snowplow_tracker.self_describing_json.SelfDescribingJson object at 0x7d920a6c5e50>]}
[0m18:14:49.632633 [debug] [MainThread]: Wrote artifact WritableManifest to /workspaces/20261sre-projeto-final/northwind_transformations/target/manifest.json
[0m18:14:49.636451 [debug] [MainThread]: Wrote artifact SemanticManifest to /workspaces/20261sre-projeto-final/northwind_transformations/target/semantic_manifest.json
[0m18:14:49.651148 [debug] [MainThread]: Sending event: {'category': 'dbt', 'action': 'resource_counts', 'label': 'dfbd7f9b-7319-4106-a46e-2eb84bf25bd2', 'context': [<snowplow_tracker.self_describing_json.SelfDescribingJson object at 0x7d9209de19a0>]}
[0m18:14:49.652268 [info ] [MainThread]: Found 3 models, 8 data tests, 523 macros
[0m18:14:49.653875 [debug] [MainThread]: Sending event: {'category': 'dbt', 'action': 'runnable_timing', 'label': 'dfbd7f9b-7319-4106-a46e-2eb84bf25bd2', 'context': [<snowplow_tracker.self_describing_json.SelfDescribingJson object at 0x7d920d67b860>]}
[0m18:14:49.662976 [info ] [MainThread]: 
[0m18:14:49.665040 [info ] [MainThread]: Concurrency: 1 threads (target='dev')
[0m18:14:49.667210 [info ] [MainThread]: 
[0m18:14:49.670050 [debug] [MainThread]: Acquiring new clickhouse connection 'master'
[0m18:14:49.690123 [debug] [ThreadPool]: Acquiring new clickhouse connection 'list_'
[0m18:14:49.707988 [debug] [ThreadPool]: Opening a new connection, currently in state init
[0m18:14:49.849849 [debug] [ThreadPool]: dbt_clickhouse adapter: On list_: /* {"app": "dbt", "dbt_version": "1.11.11", "profile_name": "northwind", "target_name": "dev", "connection_name": "list_"} */

    select name from system.databases
  ...
[0m18:14:49.858963 [debug] [ThreadPool]: dbt_clickhouse adapter: SQL status: OK in 0.00 seconds
[0m18:14:49.926741 [debug] [ThreadPool]: Re-using an available connection from the pool (formerly list_, now list__northwind)
[0m18:14:49.939735 [debug] [ThreadPool]: dbt_clickhouse adapter: On list__northwind: /* {"app": "dbt", "dbt_version": "1.11.11", "profile_name": "northwind", "target_name": "dev", "connection_name": "list__northwind"} */
with mv_sources as (
      -- Find all MVs and their target tables (database and name of the MV, plus the SELECT SQL)
      select
        name as mv_name,
        database as mv_database,
        any(as_select) as mv_sql,
        any(replaceRegexpOne(create_table_query, '.*TO\\s+`?([^`\\s(]+)`?\\.`?([^`\\s(]+)`?.*', '\\1.\\2')) as target_fqn
      
      from system.tables
      
      where engine = 'MaterializedView'
        and create_table_query like '%TO %'
      group by mv_name, mv_database
    )
    select
      t.name as name,
      t.database as schema,
      multiIf(
        t.engine = 'MaterializedView', 'materialized_view',
        t.engine = 'View', 'view',
        t.engine = 'Dictionary', 'dictionary',
        'table'
      ) as type,
      db.engine as db_engine,
      groupArrayIf(
        map('schema', mv_sources.mv_database, 'name', mv_sources.mv_name, 'sql', mv_sources.mv_sql),
        mv_sources.mv_name != ''
      ) as mvs_pointing_to_it,0 as is_on_cluster
        from system.tables as t
      
        join system.databases as db on t.database = db.name
        left join mv_sources on mv_sources.target_fqn = concat(t.database, '.', t.name)
      where schema = 'northwind'
      group by name, schema, type, db_engine

  ...
[0m18:14:49.955559 [debug] [ThreadPool]: dbt_clickhouse adapter: SQL status: OK in 0.01 seconds
[0m18:14:49.961980 [debug] [MainThread]: Sending event: {'category': 'dbt', 'action': 'runnable_timing', 'label': 'dfbd7f9b-7319-4106-a46e-2eb84bf25bd2', 'context': [<snowplow_tracker.self_describing_json.SelfDescribingJson object at 0x7d920d5ebef0>]}
[0m18:14:49.972786 [debug] [Thread-1 (]: Began running node model.northwind_transformations.stg_order_details
[0m18:14:49.975266 [info ] [Thread-1 (]: 1 of 3 START sql table model `northwind`.`stg_order_details` ................... [RUN]
[0m18:14:49.978984 [debug] [Thread-1 (]: Re-using an available connection from the pool (formerly list__northwind, now model.northwind_transformations.stg_order_details)
[0m18:14:49.980384 [debug] [Thread-1 (]: Began compiling node model.northwind_transformations.stg_order_details
[0m18:14:49.993765 [debug] [Thread-1 (]: Writing injected SQL for node "model.northwind_transformations.stg_order_details"
[0m18:14:49.996069 [debug] [Thread-1 (]: Began executing node model.northwind_transformations.stg_order_details
[0m18:14:50.139774 [debug] [Thread-1 (]: dbt_clickhouse adapter: On model.northwind_transformations.stg_order_details: /* {"app": "dbt", "dbt_version": "1.11.11", "profile_name": "northwind", "target_name": "dev", "node_id": "model.northwind_transformations.stg_order_details"} */

            

    
        create table `northwind`.`stg_order_details__dbt_backup`
        
  
        
  engine = MergeTree()
        
      order by (tuple())
        
        
        
        
                    -- end_of_sql
                    SETTINGS replicated_deduplication_window='0'

                    
            empty
          as (
            with raw_data as (
    select
        JSONExtractInt(data, 'order_id') as order_id,
        JSONExtractInt(data, 'product_id') as product_id,
        JSONExtractFloat(data, 'unit_price') as unit_price,
        JSONExtractInt(data, 'quantity') as quantity,
        JSONExtractFloat(data, 'discount') as discount
    from northwind.ingestion
    where tag = 'northwind_order_details.csv'
)

select
    order_id,
    product_id,
    unit_price,
    quantity,
    discount,
    (unit_price * quantity) * (1 - discount) as total_price
from raw_data
          )
        
        ...
[0m18:14:50.156195 [debug] [Thread-1 (]: dbt_clickhouse adapter: SQL status: OK in 0.02 seconds
[0m18:14:50.193668 [debug] [Thread-1 (]: dbt_clickhouse adapter: On model.northwind_transformations.stg_order_details: /* {"app": "dbt", "dbt_version": "1.11.11", "profile_name": "northwind", "target_name": "dev", "node_id": "model.northwind_transformations.stg_order_details"} */

    select name, type from system.columns where table = 'stg_order_details__dbt_backup'
    
      
        and database = 'northwind'
      
    
    order by position
  ...
[0m18:14:50.224874 [debug] [Thread-1 (]: dbt_clickhouse adapter: SQL status: OK in 0.03 seconds
[0m18:14:50.242016 [debug] [Thread-1 (]: Writing runtime sql for node "model.northwind_transformations.stg_order_details"
[0m18:14:50.243569 [debug] [Thread-1 (]: dbt_clickhouse adapter: On model.northwind_transformations.stg_order_details: /* {"app": "dbt", "dbt_version": "1.11.11", "profile_name": "northwind", "target_name": "dev", "node_id": "model.northwind_transformations.stg_order_details"} */

  
    
    
    
        
         


        
  

  insert into `northwind`.`stg_order_details__dbt_backup`
        ("order_id", "product_id", "unit_price", "quantity", "discount", "total_price")with raw_data as (
    select
        JSONExtractInt(data, 'order_id') as order_id,
        JSONExtractInt(data, 'product_id') as product_id,
        JSONExtractFloat(data, 'unit_price') as unit_price,
        JSONExtractInt(data, 'quantity') as quantity,
        JSONExtractFloat(data, 'discount') as discount
    from northwind.ingestion
    where tag = 'northwind_order_details.csv'
)

select
    order_id,
    product_id,
    unit_price,
    quantity,
    discount,
    (unit_price * quantity) * (1 - discount) as total_price
from raw_data
  ...
[0m18:14:50.280195 [debug] [Thread-1 (]: dbt_clickhouse adapter: SQL status: OK in 0.04 seconds
[0m18:14:50.286505 [debug] [Thread-1 (]: dbt_clickhouse adapter: On model.northwind_transformations.stg_order_details: /* {"app": "dbt", "dbt_version": "1.11.11", "profile_name": "northwind", "target_name": "dev", "node_id": "model.northwind_transformations.stg_order_details"} */
EXCHANGE TABLES `northwind`.`stg_order_details__dbt_backup` AND `northwind`.`stg_order_details` 
  
  ...
[0m18:14:50.292136 [debug] [Thread-1 (]: dbt_clickhouse adapter: SQL status: OK in 0.00 seconds
[0m18:14:50.342544 [debug] [Thread-1 (]: dbt_clickhouse adapter: On model.northwind_transformations.stg_order_details: /* {"app": "dbt", "dbt_version": "1.11.11", "profile_name": "northwind", "target_name": "dev", "node_id": "model.northwind_transformations.stg_order_details"} */
drop table if exists `northwind`.`stg_order_details__dbt_backup` 
  ...
[0m18:14:50.347487 [debug] [Thread-1 (]: dbt_clickhouse adapter: SQL status: OK in 0.00 seconds
[0m18:14:50.353548 [debug] [Thread-1 (]: Sending event: {'category': 'dbt', 'action': 'run_model', 'label': 'dfbd7f9b-7319-4106-a46e-2eb84bf25bd2', 'context': [<snowplow_tracker.self_describing_json.SelfDescribingJson object at 0x7d9208659a60>]}
[0m18:14:50.355114 [info ] [Thread-1 (]: 1 of 3 OK created sql table model `northwind`.`stg_order_details` .............. [[32mOK[0m in 0.37s]
[0m18:14:50.356298 [debug] [Thread-1 (]: Finished running node model.northwind_transformations.stg_order_details
[0m18:14:50.357182 [debug] [Thread-1 (]: Began running node model.northwind_transformations.stg_orders
[0m18:14:50.358404 [info ] [Thread-1 (]: 2 of 3 START sql table model `northwind`.`stg_orders` .......................... [RUN]
[0m18:14:50.359441 [debug] [Thread-1 (]: Re-using an available connection from the pool (formerly model.northwind_transformations.stg_order_details, now model.northwind_transformations.stg_orders)
[0m18:14:50.360362 [debug] [Thread-1 (]: Began compiling node model.northwind_transformations.stg_orders
[0m18:14:50.364171 [debug] [Thread-1 (]: Writing injected SQL for node "model.northwind_transformations.stg_orders"
[0m18:14:50.365303 [debug] [Thread-1 (]: Began executing node model.northwind_transformations.stg_orders
[0m18:14:50.370604 [debug] [Thread-1 (]: dbt_clickhouse adapter: On model.northwind_transformations.stg_orders: /* {"app": "dbt", "dbt_version": "1.11.11", "profile_name": "northwind", "target_name": "dev", "node_id": "model.northwind_transformations.stg_orders"} */

            

    
        create table `northwind`.`stg_orders__dbt_backup`
        
  
        
  engine = MergeTree()
        
      order by (tuple())
        
        
        
        
                    -- end_of_sql
                    SETTINGS replicated_deduplication_window='0'

                    
            empty
          as (
            with raw_data as (
    select
        JSONExtractString(data, 'order_id') as order_id,
        JSONExtractString(data, 'customer_id') as customer_id,
        JSONExtractInt(data, 'employee_id') as employee_id,
        JSONExtractString(data, 'order_date') as order_date,
        JSONExtractFloat(data, 'freight') as freight,
        JSONExtractString(data, 'ship_country') as ship_country
    from northwind.ingestion
    where tag = 'northwind_orders.csv'
)

select
    toInt64(order_id) as order_id,
    customer_id,
    employee_id,
    toDate(order_date) as order_date,
    freight,
    ship_country
from raw_data
          )
        
        ...
[0m18:14:50.587878 [debug] [Thread-1 (]: dbt_clickhouse adapter: SQL status: OK in 0.22 seconds
[0m18:14:50.596892 [debug] [Thread-1 (]: dbt_clickhouse adapter: On model.northwind_transformations.stg_orders: /* {"app": "dbt", "dbt_version": "1.11.11", "profile_name": "northwind", "target_name": "dev", "node_id": "model.northwind_transformations.stg_orders"} */

    select name, type from system.columns where table = 'stg_orders__dbt_backup'
    
      
        and database = 'northwind'
      
    
    order by position
  ...
[0m18:14:50.617686 [debug] [Thread-1 (]: dbt_clickhouse adapter: SQL status: OK in 0.02 seconds
[0m18:14:50.633815 [debug] [Thread-1 (]: Writing runtime sql for node "model.northwind_transformations.stg_orders"
[0m18:14:50.640904 [debug] [Thread-1 (]: dbt_clickhouse adapter: On model.northwind_transformations.stg_orders: /* {"app": "dbt", "dbt_version": "1.11.11", "profile_name": "northwind", "target_name": "dev", "node_id": "model.northwind_transformations.stg_orders"} */

  
    
    
    
        
         


        
  

  insert into `northwind`.`stg_orders__dbt_backup`
        ("order_id", "customer_id", "employee_id", "order_date", "freight", "ship_country")with raw_data as (
    select
        JSONExtractString(data, 'order_id') as order_id,
        JSONExtractString(data, 'customer_id') as customer_id,
        JSONExtractInt(data, 'employee_id') as employee_id,
        JSONExtractString(data, 'order_date') as order_date,
        JSONExtractFloat(data, 'freight') as freight,
        JSONExtractString(data, 'ship_country') as ship_country
    from northwind.ingestion
    where tag = 'northwind_orders.csv'
)

select
    toInt64(order_id) as order_id,
    customer_id,
    employee_id,
    toDate(order_date) as order_date,
    freight,
    ship_country
from raw_data
  ...
[0m18:14:50.671356 [debug] [Thread-1 (]: dbt_clickhouse adapter: SQL status: OK in 0.03 seconds
[0m18:14:50.674278 [debug] [Thread-1 (]: dbt_clickhouse adapter: On model.northwind_transformations.stg_orders: /* {"app": "dbt", "dbt_version": "1.11.11", "profile_name": "northwind", "target_name": "dev", "node_id": "model.northwind_transformations.stg_orders"} */
EXCHANGE TABLES `northwind`.`stg_orders__dbt_backup` AND `northwind`.`stg_orders` 
  
  ...
[0m18:14:50.682240 [debug] [Thread-1 (]: dbt_clickhouse adapter: SQL status: OK in 0.01 seconds
[0m18:14:50.699026 [debug] [Thread-1 (]: dbt_clickhouse adapter: On model.northwind_transformations.stg_orders: /* {"app": "dbt", "dbt_version": "1.11.11", "profile_name": "northwind", "target_name": "dev", "node_id": "model.northwind_transformations.stg_orders"} */
drop table if exists `northwind`.`stg_orders__dbt_backup` 
  ...
[0m18:14:50.707226 [debug] [Thread-1 (]: dbt_clickhouse adapter: SQL status: OK in 0.01 seconds
[0m18:14:50.711256 [debug] [Thread-1 (]: Sending event: {'category': 'dbt', 'action': 'run_model', 'label': 'dfbd7f9b-7319-4106-a46e-2eb84bf25bd2', 'context': [<snowplow_tracker.self_describing_json.SelfDescribingJson object at 0x7d920a2d37d0>]}
[0m18:14:50.712563 [info ] [Thread-1 (]: 2 of 3 OK created sql table model `northwind`.`stg_orders` ..................... [[32mOK[0m in 0.35s]
[0m18:14:50.713732 [debug] [Thread-1 (]: Finished running node model.northwind_transformations.stg_orders
[0m18:14:50.714946 [debug] [Thread-1 (]: Began running node model.northwind_transformations.fct_sales
[0m18:14:50.716046 [info ] [Thread-1 (]: 3 of 3 START sql view model `northwind`.`fct_sales` ............................ [RUN]
[0m18:14:50.717251 [debug] [Thread-1 (]: Re-using an available connection from the pool (formerly model.northwind_transformations.stg_orders, now model.northwind_transformations.fct_sales)
[0m18:14:50.718061 [debug] [Thread-1 (]: Began compiling node model.northwind_transformations.fct_sales
[0m18:14:50.725375 [debug] [Thread-1 (]: Writing injected SQL for node "model.northwind_transformations.fct_sales"
[0m18:14:50.728805 [debug] [Thread-1 (]: Began executing node model.northwind_transformations.fct_sales
[0m18:14:50.776799 [debug] [Thread-1 (]: Relation fct_sales already exists, replacing it
[0m18:14:50.806115 [debug] [Thread-1 (]: Model mvs to replace ['fct_sales_mv']
[0m18:14:50.815943 [debug] [Thread-1 (]: dbt_clickhouse adapter: On model.northwind_transformations.fct_sales: /* {"app": "dbt", "dbt_version": "1.11.11", "profile_name": "northwind", "target_name": "dev", "node_id": "model.northwind_transformations.fct_sales"} */

    
    select name
    from system.tables
    where engine = 'MaterializedView'
      and extract(create_table_query, 'TO\\s+([^\\s(]+)') = 'northwind.fct_sales'
  
  ...
[0m18:14:50.830569 [debug] [Thread-1 (]: dbt_clickhouse adapter: SQL status: OK in 0.01 seconds
[0m18:14:50.869165 [debug] [Thread-1 (]: Writing runtime sql for node "model.northwind_transformations.fct_sales"
[0m18:14:50.873841 [debug] [Thread-1 (]: dbt_clickhouse adapter: On model.northwind_transformations.fct_sales: /* {"app": "dbt", "dbt_version": "1.11.11", "profile_name": "northwind", "target_name": "dev", "node_id": "model.northwind_transformations.fct_sales"} */


  create or replace view `northwind`.`fct_sales` 
  
    
  
  
    
    
  as (
    with orders as (
    select * from `northwind`.`stg_orders`
),
details as (
    select 
        order_id,
        product_id,
        total_price as line_total_price,
        quantity
    from `northwind`.`stg_order_details`
)

select
    o.order_id,
    o.customer_id,
    o.order_date,
    o.ship_country,
    d.product_id,
    d.line_total_price,
    d.quantity
from orders o
inner join details d on o.order_id = d.order_id
    
  )
      
      
                    -- end_of_sql
                    
                    ...
[0m18:14:50.910968 [debug] [Thread-1 (]: dbt_clickhouse adapter: SQL status: OK in 0.03 seconds
[0m18:14:50.970906 [debug] [Thread-1 (]: Sending event: {'category': 'dbt', 'action': 'run_model', 'label': 'dfbd7f9b-7319-4106-a46e-2eb84bf25bd2', 'context': [<snowplow_tracker.self_describing_json.SelfDescribingJson object at 0x7d92086acb30>]}
[0m18:14:50.986767 [info ] [Thread-1 (]: 3 of 3 OK created sql view model `northwind`.`fct_sales` ....................... [[32mOK[0m in 0.25s]
[0m18:14:50.996575 [debug] [Thread-1 (]: Finished running node model.northwind_transformations.fct_sales
[0m18:14:51.013520 [debug] [MainThread]: Connection 'master' was properly closed.
[0m18:14:51.028718 [debug] [MainThread]: Connection 'model.northwind_transformations.fct_sales' was left open.
[0m18:14:51.040933 [debug] [MainThread]: On model.northwind_transformations.fct_sales: Close
[0m18:14:51.055302 [info ] [MainThread]: 
[0m18:14:51.064301 [info ] [MainThread]: Finished running 2 table models, 1 view model in 0 hours 0 minutes and 1.39 seconds (1.39s).
[0m18:14:51.067741 [debug] [MainThread]: Command end result
[0m18:14:51.273957 [debug] [MainThread]: Wrote artifact WritableManifest to /workspaces/20261sre-projeto-final/northwind_transformations/target/manifest.json
[0m18:14:51.291600 [debug] [MainThread]: Wrote artifact SemanticManifest to /workspaces/20261sre-projeto-final/northwind_transformations/target/semantic_manifest.json
[0m18:14:51.423840 [debug] [MainThread]: Wrote artifact RunExecutionResult to /workspaces/20261sre-projeto-final/northwind_transformations/target/run_results.json
[0m18:14:51.434759 [info ] [MainThread]: 
[0m18:14:51.448887 [info ] [MainThread]: [32mCompleted successfully[0m
[0m18:14:51.453501 [info ] [MainThread]: 
[0m18:14:51.460784 [info ] [MainThread]: Done. PASS=3 WARN=0 ERROR=0 SKIP=0 NO-OP=0 TOTAL=3
[0m18:14:51.466504 [debug] [MainThread]: Resource report: {"command_name": "run", "command_success": true, "command_wall_clock_time": 4.6543326, "process_in_blocks": "4840", "process_kernel_time": 0.62979, "process_mem_max_rss": "145844", "process_out_blocks": "3832", "process_user_time": 5.978653}
[0m18:14:51.469268 [debug] [MainThread]: Command `dbt run` succeeded at 18:14:51.469071 after 4.66 seconds
[0m18:14:51.474249 [debug] [MainThread]: Sending event: {'category': 'dbt', 'action': 'invocation', 'label': 'end', 'context': [<snowplow_tracker.self_describing_json.SelfDescribingJson object at 0x7d920ace5670>, <snowplow_tracker.self_describing_json.SelfDescribingJson object at 0x7d920b911bb0>, <snowplow_tracker.self_describing_json.SelfDescribingJson object at 0x7d920b912630>]}
[0m18:14:51.477363 [debug] [MainThread]: Flushing usage events
[0m18:14:51.678660 [debug] [MainThread]: An error was encountered while trying to flush usage events
[0m18:14:57.995286 [debug] [MainThread]: Sending event: {'category': 'dbt', 'action': 'invocation', 'label': 'start', 'context': [<snowplow_tracker.self_describing_json.SelfDescribingJson object at 0x72db931a4560>, <snowplow_tracker.self_describing_json.SelfDescribingJson object at 0x72db92756ff0>, <snowplow_tracker.self_describing_json.SelfDescribingJson object at 0x72db92aae0f0>]}


============================== 18:14:58.003581 | fd748ccb-349d-48b1-bf8b-021368dcf99e ==============================
[0m18:14:58.003581 [info ] [MainThread]: Running with dbt=1.11.11
[0m18:14:58.006942 [debug] [MainThread]: running dbt with arguments {'debug': 'False', 'warn_error_options': 'WarnErrorOptionsV2(error=[], warn=[], silence=[])', 'use_colors': 'True', 'invocation_command': 'dbt test', 'fail_fast': 'False', 'send_anonymous_usage_stats': 'True', 'log_cache_events': 'False', 'use_experimental_parser': 'False', 'profiles_dir': '/workspaces/20261sre-projeto-final/northwind_transformations', 'empty': 'None', 'partial_parse': 'True', 'version_check': 'True', 'cache_selected_only': 'False', 'quiet': 'False', 'warn_error': 'None', 'log_path': '/workspaces/20261sre-projeto-final/northwind_transformations/logs', 'log_format': 'default', 'no_print': 'None', 'static_parser': 'True', 'printer_width': '80', 'target_path': 'None', 'indirect_selection': 'eager', 'write_json': 'True', 'introspect': 'True'}
[0m18:14:58.471260 [debug] [MainThread]: Sending event: {'category': 'dbt', 'action': 'project_id', 'label': 'fd748ccb-349d-48b1-bf8b-021368dcf99e', 'context': [<snowplow_tracker.self_describing_json.SelfDescribingJson object at 0x72db91ca8ef0>]}
[0m18:14:58.580314 [debug] [MainThread]: Sending event: {'category': 'dbt', 'action': 'adapter_info', 'label': 'fd748ccb-349d-48b1-bf8b-021368dcf99e', 'context': [<snowplow_tracker.self_describing_json.SelfDescribingJson object at 0x72db91f18c50>]}
[0m18:14:58.582420 [info ] [MainThread]: Registered adapter: clickhouse=1.10.0
[0m18:14:58.904612 [debug] [MainThread]: checksum: 30a8cc8fdcbf66701b0944d4ccce3fa46dd04b61e5df68b9f16d57b2e0e3f0be, vars: {}, profile: , target: , version: 1.11.11
[0m18:14:59.064797 [debug] [MainThread]: Partial parsing enabled: 0 files deleted, 0 files added, 0 files changed.
[0m18:14:59.065854 [debug] [MainThread]: Nothing changed, skipping partial parsing.
[0m18:14:59.066569 [debug] [MainThread]: Partial parsing enabled, no changes found, skipping parsing
[0m18:14:59.131684 [debug] [MainThread]: Sending event: {'category': 'dbt', 'action': 'load_project', 'label': 'fd748ccb-349d-48b1-bf8b-021368dcf99e', 'context': [<snowplow_tracker.self_describing_json.SelfDescribingJson object at 0x72db91e3e810>]}
[0m18:14:59.456754 [debug] [MainThread]: Wrote artifact WritableManifest to /workspaces/20261sre-projeto-final/northwind_transformations/target/manifest.json
[0m18:14:59.459478 [debug] [MainThread]: Wrote artifact SemanticManifest to /workspaces/20261sre-projeto-final/northwind_transformations/target/semantic_manifest.json
[0m18:14:59.497098 [debug] [MainThread]: Sending event: {'category': 'dbt', 'action': 'resource_counts', 'label': 'fd748ccb-349d-48b1-bf8b-021368dcf99e', 'context': [<snowplow_tracker.self_describing_json.SelfDescribingJson object at 0x72db91c4e600>]}
[0m18:14:59.498343 [info ] [MainThread]: Found 3 models, 8 data tests, 523 macros
[0m18:14:59.499332 [debug] [MainThread]: Sending event: {'category': 'dbt', 'action': 'runnable_timing', 'label': 'fd748ccb-349d-48b1-bf8b-021368dcf99e', 'context': [<snowplow_tracker.self_describing_json.SelfDescribingJson object at 0x72db927c5940>]}
[0m18:14:59.502960 [info ] [MainThread]: 
[0m18:14:59.504055 [info ] [MainThread]: Concurrency: 1 threads (target='dev')
[0m18:14:59.505072 [info ] [MainThread]: 
[0m18:14:59.506491 [debug] [MainThread]: Acquiring new clickhouse connection 'master'
[0m18:14:59.516506 [debug] [ThreadPool]: Acquiring new clickhouse connection 'list__northwind'
[0m18:14:59.536716 [debug] [ThreadPool]: Opening a new connection, currently in state init
[0m18:14:59.645732 [debug] [ThreadPool]: dbt_clickhouse adapter: On list__northwind: /* {"app": "dbt", "dbt_version": "1.11.11", "profile_name": "northwind", "target_name": "dev", "connection_name": "list__northwind"} */
with mv_sources as (
      -- Find all MVs and their target tables (database and name of the MV, plus the SELECT SQL)
      select
        name as mv_name,
        database as mv_database,
        any(as_select) as mv_sql,
        any(replaceRegexpOne(create_table_query, '.*TO\\s+`?([^`\\s(]+)`?\\.`?([^`\\s(]+)`?.*', '\\1.\\2')) as target_fqn
      
      from system.tables
      
      where engine = 'MaterializedView'
        and create_table_query like '%TO %'
      group by mv_name, mv_database
    )
    select
      t.name as name,
      t.database as schema,
      multiIf(
        t.engine = 'MaterializedView', 'materialized_view',
        t.engine = 'View', 'view',
        t.engine = 'Dictionary', 'dictionary',
        'table'
      ) as type,
      db.engine as db_engine,
      groupArrayIf(
        map('schema', mv_sources.mv_database, 'name', mv_sources.mv_name, 'sql', mv_sources.mv_sql),
        mv_sources.mv_name != ''
      ) as mvs_pointing_to_it,0 as is_on_cluster
        from system.tables as t
      
        join system.databases as db on t.database = db.name
        left join mv_sources on mv_sources.target_fqn = concat(t.database, '.', t.name)
      where schema = 'northwind'
      group by name, schema, type, db_engine

  ...
[0m18:14:59.660263 [debug] [ThreadPool]: dbt_clickhouse adapter: SQL status: OK in 0.01 seconds
[0m18:14:59.720373 [debug] [MainThread]: Sending event: {'category': 'dbt', 'action': 'runnable_timing', 'label': 'fd748ccb-349d-48b1-bf8b-021368dcf99e', 'context': [<snowplow_tracker.self_describing_json.SelfDescribingJson object at 0x72db91b8eb40>]}
[0m18:14:59.724450 [debug] [Thread-1 (]: Began running node test.northwind_transformations.not_null_fct_sales_line_total_price.28dbe2e93b
[0m18:14:59.725412 [info ] [Thread-1 (]: 1 of 8 START test not_null_fct_sales_line_total_price .......................... [RUN]
[0m18:14:59.726428 [debug] [Thread-1 (]: Re-using an available connection from the pool (formerly list__northwind, now test.northwind_transformations.not_null_fct_sales_line_total_price.28dbe2e93b)
[0m18:14:59.727376 [debug] [Thread-1 (]: Began compiling node test.northwind_transformations.not_null_fct_sales_line_total_price.28dbe2e93b
[0m18:14:59.747488 [debug] [Thread-1 (]: Writing injected SQL for node "test.northwind_transformations.not_null_fct_sales_line_total_price.28dbe2e93b"
[0m18:14:59.748740 [debug] [Thread-1 (]: Began executing node test.northwind_transformations.not_null_fct_sales_line_total_price.28dbe2e93b
[0m18:14:59.779319 [debug] [Thread-1 (]: Writing runtime sql for node "test.northwind_transformations.not_null_fct_sales_line_total_price.28dbe2e93b"
[0m18:14:59.781033 [debug] [Thread-1 (]: dbt_clickhouse adapter: On test.northwind_transformations.not_null_fct_sales_line_total_price.28dbe2e93b: /* {"app": "dbt", "dbt_version": "1.11.11", "profile_name": "northwind", "target_name": "dev", "node_id": "test.northwind_transformations.not_null_fct_sales_line_total_price.28dbe2e93b"} */

    
    select
      count(*) as failures,
      count(*) != 0 as should_warn,
      count(*) != 0 as should_error
    from (
      
    
  
    
    



select line_total_price
from `northwind`.`fct_sales`
where line_total_price is null



  
  
    ) dbt_internal_test...
[0m18:14:59.805430 [debug] [Thread-1 (]: dbt_clickhouse adapter: SQL status: OK in 0.02 seconds
[0m18:14:59.814101 [info ] [Thread-1 (]: 1 of 8 PASS not_null_fct_sales_line_total_price ................................ [[32mPASS[0m in 0.09s]
[0m18:14:59.815568 [debug] [Thread-1 (]: Finished running node test.northwind_transformations.not_null_fct_sales_line_total_price.28dbe2e93b
[0m18:14:59.816568 [debug] [Thread-1 (]: Began running node test.northwind_transformations.not_null_fct_sales_order_id.4987638769
[0m18:14:59.817448 [info ] [Thread-1 (]: 2 of 8 START test not_null_fct_sales_order_id .................................. [RUN]
[0m18:14:59.818772 [debug] [Thread-1 (]: Re-using an available connection from the pool (formerly test.northwind_transformations.not_null_fct_sales_line_total_price.28dbe2e93b, now test.northwind_transformations.not_null_fct_sales_order_id.4987638769)
[0m18:14:59.819673 [debug] [Thread-1 (]: Began compiling node test.northwind_transformations.not_null_fct_sales_order_id.4987638769
[0m18:14:59.830554 [debug] [Thread-1 (]: Writing injected SQL for node "test.northwind_transformations.not_null_fct_sales_order_id.4987638769"
[0m18:14:59.832048 [debug] [Thread-1 (]: Began executing node test.northwind_transformations.not_null_fct_sales_order_id.4987638769
[0m18:14:59.837273 [debug] [Thread-1 (]: Writing runtime sql for node "test.northwind_transformations.not_null_fct_sales_order_id.4987638769"
[0m18:14:59.838903 [debug] [Thread-1 (]: dbt_clickhouse adapter: On test.northwind_transformations.not_null_fct_sales_order_id.4987638769: /* {"app": "dbt", "dbt_version": "1.11.11", "profile_name": "northwind", "target_name": "dev", "node_id": "test.northwind_transformations.not_null_fct_sales_order_id.4987638769"} */

    
    select
      count(*) as failures,
      count(*) != 0 as should_warn,
      count(*) != 0 as should_error
    from (
      
    
  
    
    



select order_id
from `northwind`.`fct_sales`
where order_id is null



  
  
    ) dbt_internal_test...
[0m18:14:59.853773 [debug] [Thread-1 (]: dbt_clickhouse adapter: SQL status: OK in 0.01 seconds
[0m18:14:59.856926 [info ] [Thread-1 (]: 2 of 8 PASS not_null_fct_sales_order_id ........................................ [[32mPASS[0m in 0.04s]
[0m18:14:59.858285 [debug] [Thread-1 (]: Finished running node test.northwind_transformations.not_null_fct_sales_order_id.4987638769
[0m18:14:59.859245 [debug] [Thread-1 (]: Began running node test.northwind_transformations.not_null_fct_sales_product_id.05d2f5cb84
[0m18:14:59.860180 [info ] [Thread-1 (]: 3 of 8 START test not_null_fct_sales_product_id ................................ [RUN]
[0m18:14:59.861281 [debug] [Thread-1 (]: Re-using an available connection from the pool (formerly test.northwind_transformations.not_null_fct_sales_order_id.4987638769, now test.northwind_transformations.not_null_fct_sales_product_id.05d2f5cb84)
[0m18:14:59.862775 [debug] [Thread-1 (]: Began compiling node test.northwind_transformations.not_null_fct_sales_product_id.05d2f5cb84
[0m18:14:59.871197 [debug] [Thread-1 (]: Writing injected SQL for node "test.northwind_transformations.not_null_fct_sales_product_id.05d2f5cb84"
[0m18:14:59.873656 [debug] [Thread-1 (]: Began executing node test.northwind_transformations.not_null_fct_sales_product_id.05d2f5cb84
[0m18:14:59.880148 [debug] [Thread-1 (]: Writing runtime sql for node "test.northwind_transformations.not_null_fct_sales_product_id.05d2f5cb84"
[0m18:14:59.881578 [debug] [Thread-1 (]: dbt_clickhouse adapter: On test.northwind_transformations.not_null_fct_sales_product_id.05d2f5cb84: /* {"app": "dbt", "dbt_version": "1.11.11", "profile_name": "northwind", "target_name": "dev", "node_id": "test.northwind_transformations.not_null_fct_sales_product_id.05d2f5cb84"} */

    
    select
      count(*) as failures,
      count(*) != 0 as should_warn,
      count(*) != 0 as should_error
    from (
      
    
  
    
    



select product_id
from `northwind`.`fct_sales`
where product_id is null



  
  
    ) dbt_internal_test...
[0m18:14:59.891808 [debug] [Thread-1 (]: dbt_clickhouse adapter: SQL status: OK in 0.01 seconds
[0m18:14:59.895096 [info ] [Thread-1 (]: 3 of 8 PASS not_null_fct_sales_product_id ...................................... [[32mPASS[0m in 0.03s]
[0m18:14:59.898868 [debug] [Thread-1 (]: Finished running node test.northwind_transformations.not_null_fct_sales_product_id.05d2f5cb84
[0m18:14:59.900015 [debug] [Thread-1 (]: Began running node test.northwind_transformations.not_null_stg_order_details_order_id.c4b83821af
[0m18:14:59.900951 [info ] [Thread-1 (]: 4 of 8 START test not_null_stg_order_details_order_id .......................... [RUN]
[0m18:14:59.902073 [debug] [Thread-1 (]: Re-using an available connection from the pool (formerly test.northwind_transformations.not_null_fct_sales_product_id.05d2f5cb84, now test.northwind_transformations.not_null_stg_order_details_order_id.c4b83821af)
[0m18:14:59.902999 [debug] [Thread-1 (]: Began compiling node test.northwind_transformations.not_null_stg_order_details_order_id.c4b83821af
[0m18:14:59.923349 [debug] [Thread-1 (]: Writing injected SQL for node "test.northwind_transformations.not_null_stg_order_details_order_id.c4b83821af"
[0m18:14:59.927372 [debug] [Thread-1 (]: Began executing node test.northwind_transformations.not_null_stg_order_details_order_id.c4b83821af
[0m18:14:59.940588 [debug] [Thread-1 (]: Writing runtime sql for node "test.northwind_transformations.not_null_stg_order_details_order_id.c4b83821af"
[0m18:14:59.948403 [debug] [Thread-1 (]: dbt_clickhouse adapter: On test.northwind_transformations.not_null_stg_order_details_order_id.c4b83821af: /* {"app": "dbt", "dbt_version": "1.11.11", "profile_name": "northwind", "target_name": "dev", "node_id": "test.northwind_transformations.not_null_stg_order_details_order_id.c4b83821af"} */

    
    select
      count(*) as failures,
      count(*) != 0 as should_warn,
      count(*) != 0 as should_error
    from (
      
    
  
    
    



select order_id
from `northwind`.`stg_order_details`
where order_id is null



  
  
    ) dbt_internal_test...
[0m18:14:59.959125 [debug] [Thread-1 (]: dbt_clickhouse adapter: SQL status: OK in 0.01 seconds
[0m18:14:59.962141 [info ] [Thread-1 (]: 4 of 8 PASS not_null_stg_order_details_order_id ................................ [[32mPASS[0m in 0.06s]
[0m18:14:59.963323 [debug] [Thread-1 (]: Finished running node test.northwind_transformations.not_null_stg_order_details_order_id.c4b83821af
[0m18:14:59.964488 [debug] [Thread-1 (]: Began running node test.northwind_transformations.not_null_stg_order_details_product_id.817da0fb10
[0m18:14:59.966090 [info ] [Thread-1 (]: 5 of 8 START test not_null_stg_order_details_product_id ........................ [RUN]
[0m18:14:59.968446 [debug] [Thread-1 (]: Re-using an available connection from the pool (formerly test.northwind_transformations.not_null_stg_order_details_order_id.c4b83821af, now test.northwind_transformations.not_null_stg_order_details_product_id.817da0fb10)
[0m18:14:59.970710 [debug] [Thread-1 (]: Began compiling node test.northwind_transformations.not_null_stg_order_details_product_id.817da0fb10
[0m18:14:59.983997 [debug] [Thread-1 (]: Writing injected SQL for node "test.northwind_transformations.not_null_stg_order_details_product_id.817da0fb10"
[0m18:14:59.985839 [debug] [Thread-1 (]: Began executing node test.northwind_transformations.not_null_stg_order_details_product_id.817da0fb10
[0m18:14:59.990838 [debug] [Thread-1 (]: Writing runtime sql for node "test.northwind_transformations.not_null_stg_order_details_product_id.817da0fb10"
[0m18:14:59.992376 [debug] [Thread-1 (]: dbt_clickhouse adapter: On test.northwind_transformations.not_null_stg_order_details_product_id.817da0fb10: /* {"app": "dbt", "dbt_version": "1.11.11", "profile_name": "northwind", "target_name": "dev", "node_id": "test.northwind_transformations.not_null_stg_order_details_product_id.817da0fb10"} */

    
    select
      count(*) as failures,
      count(*) != 0 as should_warn,
      count(*) != 0 as should_error
    from (
      
    
  
    
    



select product_id
from `northwind`.`stg_order_details`
where product_id is null



  
  
    ) dbt_internal_test...
[0m18:15:00.001879 [debug] [Thread-1 (]: dbt_clickhouse adapter: SQL status: OK in 0.01 seconds
[0m18:15:00.004560 [info ] [Thread-1 (]: 5 of 8 PASS not_null_stg_order_details_product_id .............................. [[32mPASS[0m in 0.04s]
[0m18:15:00.008413 [debug] [Thread-1 (]: Finished running node test.northwind_transformations.not_null_stg_order_details_product_id.817da0fb10
[0m18:15:00.011934 [debug] [Thread-1 (]: Began running node test.northwind_transformations.not_null_stg_orders_customer_id.af79d5e4b5
[0m18:15:00.012715 [info ] [Thread-1 (]: 6 of 8 START test not_null_stg_orders_customer_id .............................. [RUN]
[0m18:15:00.013722 [debug] [Thread-1 (]: Re-using an available connection from the pool (formerly test.northwind_transformations.not_null_stg_order_details_product_id.817da0fb10, now test.northwind_transformations.not_null_stg_orders_customer_id.af79d5e4b5)
[0m18:15:00.014722 [debug] [Thread-1 (]: Began compiling node test.northwind_transformations.not_null_stg_orders_customer_id.af79d5e4b5
[0m18:15:00.023023 [debug] [Thread-1 (]: Writing injected SQL for node "test.northwind_transformations.not_null_stg_orders_customer_id.af79d5e4b5"
[0m18:15:00.024528 [debug] [Thread-1 (]: Began executing node test.northwind_transformations.not_null_stg_orders_customer_id.af79d5e4b5
[0m18:15:00.034088 [debug] [Thread-1 (]: Writing runtime sql for node "test.northwind_transformations.not_null_stg_orders_customer_id.af79d5e4b5"
[0m18:15:00.036219 [debug] [Thread-1 (]: dbt_clickhouse adapter: On test.northwind_transformations.not_null_stg_orders_customer_id.af79d5e4b5: /* {"app": "dbt", "dbt_version": "1.11.11", "profile_name": "northwind", "target_name": "dev", "node_id": "test.northwind_transformations.not_null_stg_orders_customer_id.af79d5e4b5"} */

    
    select
      count(*) as failures,
      count(*) != 0 as should_warn,
      count(*) != 0 as should_error
    from (
      
    
  
    
    



select customer_id
from `northwind`.`stg_orders`
where customer_id is null



  
  
    ) dbt_internal_test...
[0m18:15:00.046196 [debug] [Thread-1 (]: dbt_clickhouse adapter: SQL status: OK in 0.01 seconds
[0m18:15:00.050428 [info ] [Thread-1 (]: 6 of 8 PASS not_null_stg_orders_customer_id .................................... [[32mPASS[0m in 0.04s]
[0m18:15:00.051719 [debug] [Thread-1 (]: Finished running node test.northwind_transformations.not_null_stg_orders_customer_id.af79d5e4b5
[0m18:15:00.052999 [debug] [Thread-1 (]: Began running node test.northwind_transformations.not_null_stg_orders_order_id.81cfe2fe64
[0m18:15:00.054190 [info ] [Thread-1 (]: 7 of 8 START test not_null_stg_orders_order_id ................................. [RUN]
[0m18:15:00.058462 [debug] [Thread-1 (]: Re-using an available connection from the pool (formerly test.northwind_transformations.not_null_stg_orders_customer_id.af79d5e4b5, now test.northwind_transformations.not_null_stg_orders_order_id.81cfe2fe64)
[0m18:15:00.060541 [debug] [Thread-1 (]: Began compiling node test.northwind_transformations.not_null_stg_orders_order_id.81cfe2fe64
[0m18:15:00.069016 [debug] [Thread-1 (]: Writing injected SQL for node "test.northwind_transformations.not_null_stg_orders_order_id.81cfe2fe64"
[0m18:15:00.070744 [debug] [Thread-1 (]: Began executing node test.northwind_transformations.not_null_stg_orders_order_id.81cfe2fe64
[0m18:15:00.076121 [debug] [Thread-1 (]: Writing runtime sql for node "test.northwind_transformations.not_null_stg_orders_order_id.81cfe2fe64"
[0m18:15:00.078235 [debug] [Thread-1 (]: dbt_clickhouse adapter: On test.northwind_transformations.not_null_stg_orders_order_id.81cfe2fe64: /* {"app": "dbt", "dbt_version": "1.11.11", "profile_name": "northwind", "target_name": "dev", "node_id": "test.northwind_transformations.not_null_stg_orders_order_id.81cfe2fe64"} */

    
    select
      count(*) as failures,
      count(*) != 0 as should_warn,
      count(*) != 0 as should_error
    from (
      
    
  
    
    



select order_id
from `northwind`.`stg_orders`
where order_id is null



  
  
    ) dbt_internal_test...
[0m18:15:00.088071 [debug] [Thread-1 (]: dbt_clickhouse adapter: SQL status: OK in 0.01 seconds
[0m18:15:00.093374 [info ] [Thread-1 (]: 7 of 8 PASS not_null_stg_orders_order_id ....................................... [[32mPASS[0m in 0.03s]
[0m18:15:00.094801 [debug] [Thread-1 (]: Finished running node test.northwind_transformations.not_null_stg_orders_order_id.81cfe2fe64
[0m18:15:00.095941 [debug] [Thread-1 (]: Began running node test.northwind_transformations.unique_stg_orders_order_id.e3b841c71a
[0m18:15:00.096914 [info ] [Thread-1 (]: 8 of 8 START test unique_stg_orders_order_id ................................... [RUN]
[0m18:15:00.097918 [debug] [Thread-1 (]: Re-using an available connection from the pool (formerly test.northwind_transformations.not_null_stg_orders_order_id.81cfe2fe64, now test.northwind_transformations.unique_stg_orders_order_id.e3b841c71a)
[0m18:15:00.098892 [debug] [Thread-1 (]: Began compiling node test.northwind_transformations.unique_stg_orders_order_id.e3b841c71a
[0m18:15:00.121276 [debug] [Thread-1 (]: Writing injected SQL for node "test.northwind_transformations.unique_stg_orders_order_id.e3b841c71a"
[0m18:15:00.124297 [debug] [Thread-1 (]: Began executing node test.northwind_transformations.unique_stg_orders_order_id.e3b841c71a
[0m18:15:00.136198 [debug] [Thread-1 (]: Writing runtime sql for node "test.northwind_transformations.unique_stg_orders_order_id.e3b841c71a"
[0m18:15:00.137963 [debug] [Thread-1 (]: dbt_clickhouse adapter: On test.northwind_transformations.unique_stg_orders_order_id.e3b841c71a: /* {"app": "dbt", "dbt_version": "1.11.11", "profile_name": "northwind", "target_name": "dev", "node_id": "test.northwind_transformations.unique_stg_orders_order_id.e3b841c71a"} */

    
    select
      count(*) as failures,
      count(*) != 0 as should_warn,
      count(*) != 0 as should_error
    from (
      
    
  
    
    

select
    order_id as unique_field,
    count(*) as n_records

from `northwind`.`stg_orders`
where order_id is not null
group by order_id
having count(*) > 1



  
  
    ) dbt_internal_test...
[0m18:15:00.151882 [debug] [Thread-1 (]: dbt_clickhouse adapter: SQL status: OK in 0.01 seconds
[0m18:15:00.159068 [info ] [Thread-1 (]: 8 of 8 PASS unique_stg_orders_order_id ......................................... [[32mPASS[0m in 0.06s]
[0m18:15:00.163120 [debug] [Thread-1 (]: Finished running node test.northwind_transformations.unique_stg_orders_order_id.e3b841c71a
[0m18:15:00.170166 [debug] [MainThread]: Connection 'master' was properly closed.
[0m18:15:00.170922 [debug] [MainThread]: Connection 'test.northwind_transformations.unique_stg_orders_order_id.e3b841c71a' was left open.
[0m18:15:00.172003 [debug] [MainThread]: On test.northwind_transformations.unique_stg_orders_order_id.e3b841c71a: Close
[0m18:15:00.173112 [info ] [MainThread]: 
[0m18:15:00.173876 [info ] [MainThread]: Finished running 8 data tests in 0 hours 0 minutes and 0.67 seconds (0.67s).
[0m18:15:00.179275 [debug] [MainThread]: Command end result
[0m18:15:00.246248 [debug] [MainThread]: Wrote artifact WritableManifest to /workspaces/20261sre-projeto-final/northwind_transformations/target/manifest.json
[0m18:15:00.250416 [debug] [MainThread]: Wrote artifact SemanticManifest to /workspaces/20261sre-projeto-final/northwind_transformations/target/semantic_manifest.json
[0m18:15:00.270168 [debug] [MainThread]: Wrote artifact RunExecutionResult to /workspaces/20261sre-projeto-final/northwind_transformations/target/run_results.json
[0m18:15:00.271641 [info ] [MainThread]: 
[0m18:15:00.274023 [info ] [MainThread]: [32mCompleted successfully[0m
[0m18:15:00.275763 [info ] [MainThread]: 
[0m18:15:00.276778 [info ] [MainThread]: Done. PASS=8 WARN=0 ERROR=0 SKIP=0 NO-OP=0 TOTAL=8
[0m18:15:00.281367 [debug] [MainThread]: Resource report: {"command_name": "test", "command_success": true, "command_wall_clock_time": 2.3719857, "process_in_blocks": "1120", "process_kernel_time": 0.567218, "process_mem_max_rss": "141552", "process_out_blocks": "2720", "process_user_time": 5.146588}
[0m18:15:00.283816 [debug] [MainThread]: Command `dbt test` succeeded at 18:15:00.282470 after 2.37 seconds
[0m18:15:00.291864 [debug] [MainThread]: Sending event: {'category': 'dbt', 'action': 'invocation', 'label': 'end', 'context': [<snowplow_tracker.self_describing_json.SelfDescribingJson object at 0x72db927f73b0>, <snowplow_tracker.self_describing_json.SelfDescribingJson object at 0x72db927f40e0>, <snowplow_tracker.self_describing_json.SelfDescribingJson object at 0x72db909a58e0>]}
[0m18:15:00.295339 [debug] [MainThread]: Flushing usage events
[0m18:15:00.426032 [debug] [MainThread]: An error was encountered while trying to flush usage events
[0m21:11:42.116981 [debug] [MainThread]: Sending event: {'category': 'dbt', 'action': 'invocation', 'label': 'start', 'context': [<snowplow_tracker.self_describing_json.SelfDescribingJson object at 0x7660a7296f10>, <snowplow_tracker.self_describing_json.SelfDescribingJson object at 0x7660a7374450>, <snowplow_tracker.self_describing_json.SelfDescribingJson object at 0x7660a7388490>]}


============================== 21:11:42.128394 | d700a138-2c32-4da1-8811-cdfa2013ac4a ==============================
[0m21:11:42.128394 [info ] [MainThread]: Running with dbt=1.11.11
[0m21:11:42.129205 [debug] [MainThread]: running dbt with arguments {'warn_error': 'None', 'introspect': 'True', 'indirect_selection': 'eager', 'fail_fast': 'False', 'cache_selected_only': 'False', 'log_format': 'default', 'log_cache_events': 'False', 'write_json': 'True', 'warn_error_options': 'WarnErrorOptionsV2(error=[], warn=[], silence=[])', 'send_anonymous_usage_stats': 'True', 'log_path': '/app/northwind_transformations/logs', 'no_print': 'None', 'use_colors': 'True', 'use_experimental_parser': 'False', 'printer_width': '80', 'profiles_dir': '.', 'partial_parse': 'True', 'invocation_command': 'dbt run --profiles-dir .', 'debug': 'False', 'quiet': 'False', 'empty': 'False', 'version_check': 'True', 'static_parser': 'True', 'target_path': 'None'}
[0m21:11:42.367369 [debug] [MainThread]: Sending event: {'category': 'dbt', 'action': 'project_id', 'label': 'd700a138-2c32-4da1-8811-cdfa2013ac4a', 'context': [<snowplow_tracker.self_describing_json.SelfDescribingJson object at 0x7660a70a78d0>]}
[0m21:11:42.544049 [debug] [MainThread]: Sending event: {'category': 'dbt', 'action': 'adapter_info', 'label': 'd700a138-2c32-4da1-8811-cdfa2013ac4a', 'context': [<snowplow_tracker.self_describing_json.SelfDescribingJson object at 0x7660a7945c10>]}
[0m21:11:42.551006 [info ] [MainThread]: Registered adapter: clickhouse=1.10.0
[0m21:11:42.893756 [debug] [MainThread]: checksum: 30a8cc8fdcbf66701b0944d4ccce3fa46dd04b61e5df68b9f16d57b2e0e3f0be, vars: {}, profile: , target: , version: 1.11.11
[0m21:11:43.042274 [info ] [MainThread]: Unable to do partial parsing because profile has changed
[0m21:11:43.043234 [debug] [MainThread]: Sending event: {'category': 'dbt', 'action': 'partial_parser', 'label': 'd700a138-2c32-4da1-8811-cdfa2013ac4a', 'context': [<snowplow_tracker.self_describing_json.SelfDescribingJson object at 0x7660a72c3ed0>]}
[0m21:11:45.067602 [debug] [MainThread]: Sending event: {'category': 'dbt', 'action': 'load_project', 'label': 'd700a138-2c32-4da1-8811-cdfa2013ac4a', 'context': [<snowplow_tracker.self_describing_json.SelfDescribingJson object at 0x7660a6bba590>]}
[0m21:11:45.361739 [debug] [MainThread]: Wrote artifact WritableManifest to /app/northwind_transformations/target/manifest.json
[0m21:11:45.369158 [debug] [MainThread]: Wrote artifact SemanticManifest to /app/northwind_transformations/target/semantic_manifest.json
[0m21:11:45.416564 [debug] [MainThread]: Sending event: {'category': 'dbt', 'action': 'resource_counts', 'label': 'd700a138-2c32-4da1-8811-cdfa2013ac4a', 'context': [<snowplow_tracker.self_describing_json.SelfDescribingJson object at 0x7660a64595d0>]}
[0m21:11:45.418058 [info ] [MainThread]: Found 3 models, 8 data tests, 523 macros
[0m21:11:45.418790 [debug] [MainThread]: Sending event: {'category': 'dbt', 'action': 'runnable_timing', 'label': 'd700a138-2c32-4da1-8811-cdfa2013ac4a', 'context': [<snowplow_tracker.self_describing_json.SelfDescribingJson object at 0x7660a6f17e90>]}
[0m21:11:45.422538 [info ] [MainThread]: 
[0m21:11:45.423083 [info ] [MainThread]: Concurrency: 1 threads (target='dev')
[0m21:11:45.423500 [info ] [MainThread]: 
[0m21:11:45.424891 [debug] [MainThread]: Acquiring new clickhouse connection 'master'
[0m21:11:45.436815 [debug] [ThreadPool]: Acquiring new clickhouse connection 'list_'
[0m21:11:45.453493 [debug] [ThreadPool]: Opening a new connection, currently in state init
[0m21:11:46.183328 [debug] [ThreadPool]: dbt_clickhouse adapter: On list_: /* {"app": "dbt", "dbt_version": "1.11.11", "profile_name": "northwind", "target_name": "dev", "connection_name": "list_"} */

    select name from system.databases
  ...
[0m21:11:46.186853 [debug] [ThreadPool]: dbt_clickhouse adapter: SQL status: OK in 0.00 seconds
[0m21:11:46.415389 [debug] [ThreadPool]: Acquiring new clickhouse connection 'list__northwind'
[0m21:11:46.422487 [debug] [ThreadPool]: Opening a new connection, currently in state init
[0m21:11:46.457820 [debug] [ThreadPool]: dbt_clickhouse adapter: On list__northwind: /* {"app": "dbt", "dbt_version": "1.11.11", "profile_name": "northwind", "target_name": "dev", "connection_name": "list__northwind"} */
with mv_sources as (
      -- Find all MVs and their target tables (database and name of the MV, plus the SELECT SQL)
      select
        name as mv_name,
        database as mv_database,
        any(as_select) as mv_sql,
        any(replaceRegexpOne(create_table_query, '.*TO\\s+`?([^`\\s(]+)`?\\.`?([^`\\s(]+)`?.*', '\\1.\\2')) as target_fqn
      
      from system.tables
      
      where engine = 'MaterializedView'
        and create_table_query like '%TO %'
      group by mv_name, mv_database
    )
    select
      t.name as name,
      t.database as schema,
      multiIf(
        t.engine = 'MaterializedView', 'materialized_view',
        t.engine = 'View', 'view',
        t.engine = 'Dictionary', 'dictionary',
        'table'
      ) as type,
      db.engine as db_engine,
      groupArrayIf(
        map('schema', mv_sources.mv_database, 'name', mv_sources.mv_name, 'sql', mv_sources.mv_sql),
        mv_sources.mv_name != ''
      ) as mvs_pointing_to_it,0 as is_on_cluster
        from system.tables as t
      
        join system.databases as db on t.database = db.name
        left join mv_sources on mv_sources.target_fqn = concat(t.database, '.', t.name)
      where schema = 'northwind'
      group by name, schema, type, db_engine

  ...
[0m21:11:46.875084 [debug] [ThreadPool]: dbt_clickhouse adapter: SQL status: OK in 0.42 seconds
[0m21:11:46.880239 [debug] [MainThread]: Sending event: {'category': 'dbt', 'action': 'runnable_timing', 'label': 'd700a138-2c32-4da1-8811-cdfa2013ac4a', 'context': [<snowplow_tracker.self_describing_json.SelfDescribingJson object at 0x7660aa3d8ed0>]}
[0m21:11:46.893040 [debug] [Thread-1 (]: Began running node model.northwind_transformations.stg_order_details
[0m21:11:46.894074 [info ] [Thread-1 (]: 1 of 3 START sql table model `northwind`.`stg_order_details` ................... [RUN]
[0m21:11:46.895391 [debug] [Thread-1 (]: Re-using an available connection from the pool (formerly list__northwind, now model.northwind_transformations.stg_order_details)
[0m21:11:46.896075 [debug] [Thread-1 (]: Began compiling node model.northwind_transformations.stg_order_details
[0m21:11:46.904698 [debug] [Thread-1 (]: Writing injected SQL for node "model.northwind_transformations.stg_order_details"
[0m21:11:46.905785 [debug] [Thread-1 (]: Began executing node model.northwind_transformations.stg_order_details
[0m21:11:46.996270 [debug] [Thread-1 (]: dbt_clickhouse adapter: On model.northwind_transformations.stg_order_details: /* {"app": "dbt", "dbt_version": "1.11.11", "profile_name": "northwind", "target_name": "dev", "node_id": "model.northwind_transformations.stg_order_details"} */

            

    
        create table `northwind`.`stg_order_details__dbt_backup`
        
  
        
  engine = MergeTree()
        
      order by (tuple())
        
        
        
        
                    -- end_of_sql
                    SETTINGS replicated_deduplication_window='0'

                    
            empty
          as (
            with raw_data as (
    select
        JSONExtractInt(data, 'order_id') as order_id,
        JSONExtractInt(data, 'product_id') as product_id,
        JSONExtractFloat(data, 'unit_price') as unit_price,
        JSONExtractInt(data, 'quantity') as quantity,
        JSONExtractFloat(data, 'discount') as discount
    from northwind.ingestion
    where tag = 'northwind_order_details.csv'
)

select
    order_id,
    product_id,
    unit_price,
    quantity,
    discount,
    (unit_price * quantity) * (1 - discount) as total_price
from raw_data
          )
        
        ...
[0m21:11:47.037434 [debug] [Thread-1 (]: dbt_clickhouse adapter: SQL status: OK in 0.04 seconds
[0m21:11:47.063085 [debug] [Thread-1 (]: dbt_clickhouse adapter: On model.northwind_transformations.stg_order_details: /* {"app": "dbt", "dbt_version": "1.11.11", "profile_name": "northwind", "target_name": "dev", "node_id": "model.northwind_transformations.stg_order_details"} */

    select name, type from system.columns where table = 'stg_order_details__dbt_backup'
    
      
        and database = 'northwind'
      
    
    order by position
  ...
[0m21:11:47.080526 [debug] [Thread-1 (]: dbt_clickhouse adapter: SQL status: OK in 0.02 seconds
[0m21:11:47.088535 [debug] [Thread-1 (]: Writing runtime sql for node "model.northwind_transformations.stg_order_details"
[0m21:11:47.090364 [debug] [Thread-1 (]: dbt_clickhouse adapter: On model.northwind_transformations.stg_order_details: /* {"app": "dbt", "dbt_version": "1.11.11", "profile_name": "northwind", "target_name": "dev", "node_id": "model.northwind_transformations.stg_order_details"} */

  
    
    
    
        
         


        
  

  insert into `northwind`.`stg_order_details__dbt_backup`
        ("order_id", "product_id", "unit_price", "quantity", "discount", "total_price")with raw_data as (
    select
        JSONExtractInt(data, 'order_id') as order_id,
        JSONExtractInt(data, 'product_id') as product_id,
        JSONExtractFloat(data, 'unit_price') as unit_price,
        JSONExtractInt(data, 'quantity') as quantity,
        JSONExtractFloat(data, 'discount') as discount
    from northwind.ingestion
    where tag = 'northwind_order_details.csv'
)

select
    order_id,
    product_id,
    unit_price,
    quantity,
    discount,
    (unit_price * quantity) * (1 - discount) as total_price
from raw_data
  ...
[0m21:11:47.179362 [debug] [Thread-1 (]: dbt_clickhouse adapter: SQL status: OK in 0.09 seconds
[0m21:11:47.188220 [debug] [Thread-1 (]: dbt_clickhouse adapter: On model.northwind_transformations.stg_order_details: /* {"app": "dbt", "dbt_version": "1.11.11", "profile_name": "northwind", "target_name": "dev", "node_id": "model.northwind_transformations.stg_order_details"} */
EXCHANGE TABLES `northwind`.`stg_order_details__dbt_backup` AND `northwind`.`stg_order_details` 
  
  ...
[0m21:11:47.194158 [debug] [Thread-1 (]: dbt_clickhouse adapter: SQL status: OK in 0.01 seconds
[0m21:11:47.230002 [debug] [Thread-1 (]: dbt_clickhouse adapter: On model.northwind_transformations.stg_order_details: /* {"app": "dbt", "dbt_version": "1.11.11", "profile_name": "northwind", "target_name": "dev", "node_id": "model.northwind_transformations.stg_order_details"} */
drop table if exists `northwind`.`stg_order_details__dbt_backup` 
  ...
[0m21:11:47.233037 [debug] [Thread-1 (]: dbt_clickhouse adapter: SQL status: OK in 0.00 seconds
[0m21:11:47.237481 [debug] [Thread-1 (]: Sending event: {'category': 'dbt', 'action': 'run_model', 'label': 'd700a138-2c32-4da1-8811-cdfa2013ac4a', 'context': [<snowplow_tracker.self_describing_json.SelfDescribingJson object at 0x7660a634e410>]}
[0m21:11:47.238277 [info ] [Thread-1 (]: 1 of 3 OK created sql table model `northwind`.`stg_order_details` .............. [[32mOK[0m in 0.34s]
[0m21:11:47.239162 [debug] [Thread-1 (]: Finished running node model.northwind_transformations.stg_order_details
[0m21:11:47.239674 [debug] [Thread-1 (]: Began running node model.northwind_transformations.stg_orders
[0m21:11:47.241335 [info ] [Thread-1 (]: 2 of 3 START sql table model `northwind`.`stg_orders` .......................... [RUN]
[0m21:11:47.241984 [debug] [Thread-1 (]: Re-using an available connection from the pool (formerly model.northwind_transformations.stg_order_details, now model.northwind_transformations.stg_orders)
[0m21:11:47.242395 [debug] [Thread-1 (]: Began compiling node model.northwind_transformations.stg_orders
[0m21:11:47.245080 [debug] [Thread-1 (]: Writing injected SQL for node "model.northwind_transformations.stg_orders"
[0m21:11:47.245794 [debug] [Thread-1 (]: Began executing node model.northwind_transformations.stg_orders
[0m21:11:47.250240 [debug] [Thread-1 (]: dbt_clickhouse adapter: On model.northwind_transformations.stg_orders: /* {"app": "dbt", "dbt_version": "1.11.11", "profile_name": "northwind", "target_name": "dev", "node_id": "model.northwind_transformations.stg_orders"} */

            

    
        create table `northwind`.`stg_orders__dbt_backup`
        
  
        
  engine = MergeTree()
        
      order by (tuple())
        
        
        
        
                    -- end_of_sql
                    SETTINGS replicated_deduplication_window='0'

                    
            empty
          as (
            with raw_data as (
    select
        JSONExtractString(data, 'order_id') as order_id,
        JSONExtractString(data, 'customer_id') as customer_id,
        JSONExtractInt(data, 'employee_id') as employee_id,
        JSONExtractString(data, 'order_date') as order_date,
        JSONExtractFloat(data, 'freight') as freight,
        JSONExtractString(data, 'ship_country') as ship_country
    from northwind.ingestion
    where tag = 'northwind_orders.csv'
)

select
    toInt64(order_id) as order_id,
    customer_id,
    employee_id,
    toDate(order_date) as order_date,
    freight,
    ship_country
from raw_data
          )
        
        ...
[0m21:11:47.269570 [debug] [Thread-1 (]: dbt_clickhouse adapter: SQL status: OK in 0.02 seconds
[0m21:11:47.273939 [debug] [Thread-1 (]: dbt_clickhouse adapter: On model.northwind_transformations.stg_orders: /* {"app": "dbt", "dbt_version": "1.11.11", "profile_name": "northwind", "target_name": "dev", "node_id": "model.northwind_transformations.stg_orders"} */

    select name, type from system.columns where table = 'stg_orders__dbt_backup'
    
      
        and database = 'northwind'
      
    
    order by position
  ...
[0m21:11:47.278476 [debug] [Thread-1 (]: dbt_clickhouse adapter: SQL status: OK in 0.00 seconds
[0m21:11:47.280649 [debug] [Thread-1 (]: Writing runtime sql for node "model.northwind_transformations.stg_orders"
[0m21:11:47.281590 [debug] [Thread-1 (]: dbt_clickhouse adapter: On model.northwind_transformations.stg_orders: /* {"app": "dbt", "dbt_version": "1.11.11", "profile_name": "northwind", "target_name": "dev", "node_id": "model.northwind_transformations.stg_orders"} */

  
    
    
    
        
         


        
  

  insert into `northwind`.`stg_orders__dbt_backup`
        ("order_id", "customer_id", "employee_id", "order_date", "freight", "ship_country")with raw_data as (
    select
        JSONExtractString(data, 'order_id') as order_id,
        JSONExtractString(data, 'customer_id') as customer_id,
        JSONExtractInt(data, 'employee_id') as employee_id,
        JSONExtractString(data, 'order_date') as order_date,
        JSONExtractFloat(data, 'freight') as freight,
        JSONExtractString(data, 'ship_country') as ship_country
    from northwind.ingestion
    where tag = 'northwind_orders.csv'
)

select
    toInt64(order_id) as order_id,
    customer_id,
    employee_id,
    toDate(order_date) as order_date,
    freight,
    ship_country
from raw_data
  ...
[0m21:11:47.301881 [debug] [Thread-1 (]: dbt_clickhouse adapter: SQL status: OK in 0.02 seconds
[0m21:11:47.303823 [debug] [Thread-1 (]: dbt_clickhouse adapter: On model.northwind_transformations.stg_orders: /* {"app": "dbt", "dbt_version": "1.11.11", "profile_name": "northwind", "target_name": "dev", "node_id": "model.northwind_transformations.stg_orders"} */
EXCHANGE TABLES `northwind`.`stg_orders__dbt_backup` AND `northwind`.`stg_orders` 
  
  ...
[0m21:11:47.306491 [debug] [Thread-1 (]: dbt_clickhouse adapter: SQL status: OK in 0.00 seconds
[0m21:11:47.310749 [debug] [Thread-1 (]: dbt_clickhouse adapter: On model.northwind_transformations.stg_orders: /* {"app": "dbt", "dbt_version": "1.11.11", "profile_name": "northwind", "target_name": "dev", "node_id": "model.northwind_transformations.stg_orders"} */
drop table if exists `northwind`.`stg_orders__dbt_backup` 
  ...
[0m21:11:47.313436 [debug] [Thread-1 (]: dbt_clickhouse adapter: SQL status: OK in 0.00 seconds
[0m21:11:47.315484 [debug] [Thread-1 (]: Sending event: {'category': 'dbt', 'action': 'run_model', 'label': 'd700a138-2c32-4da1-8811-cdfa2013ac4a', 'context': [<snowplow_tracker.self_describing_json.SelfDescribingJson object at 0x7660a65d6710>]}
[0m21:11:47.316431 [info ] [Thread-1 (]: 2 of 3 OK created sql table model `northwind`.`stg_orders` ..................... [[32mOK[0m in 0.07s]
[0m21:11:47.317937 [debug] [Thread-1 (]: Finished running node model.northwind_transformations.stg_orders
[0m21:11:47.319238 [debug] [Thread-1 (]: Began running node model.northwind_transformations.fct_sales
[0m21:11:47.320093 [info ] [Thread-1 (]: 3 of 3 START sql view model `northwind`.`fct_sales` ............................ [RUN]
[0m21:11:47.321262 [debug] [Thread-1 (]: Re-using an available connection from the pool (formerly model.northwind_transformations.stg_orders, now model.northwind_transformations.fct_sales)
[0m21:11:47.321970 [debug] [Thread-1 (]: Began compiling node model.northwind_transformations.fct_sales
[0m21:11:47.327137 [debug] [Thread-1 (]: Writing injected SQL for node "model.northwind_transformations.fct_sales"
[0m21:11:47.328842 [debug] [Thread-1 (]: Began executing node model.northwind_transformations.fct_sales
[0m21:11:47.344263 [debug] [Thread-1 (]: Relation fct_sales already exists, replacing it
[0m21:11:47.413678 [debug] [Thread-1 (]: Model mvs to replace ['fct_sales_mv']
[0m21:11:47.419382 [debug] [Thread-1 (]: dbt_clickhouse adapter: On model.northwind_transformations.fct_sales: /* {"app": "dbt", "dbt_version": "1.11.11", "profile_name": "northwind", "target_name": "dev", "node_id": "model.northwind_transformations.fct_sales"} */

    
    select name
    from system.tables
    where engine = 'MaterializedView'
      and extract(create_table_query, 'TO\\s+([^\\s(]+)') = 'northwind.fct_sales'
  
  ...
[0m21:11:47.441536 [debug] [Thread-1 (]: dbt_clickhouse adapter: SQL status: OK in 0.02 seconds
[0m21:11:47.466135 [debug] [Thread-1 (]: Writing runtime sql for node "model.northwind_transformations.fct_sales"
[0m21:11:47.467047 [debug] [Thread-1 (]: dbt_clickhouse adapter: On model.northwind_transformations.fct_sales: /* {"app": "dbt", "dbt_version": "1.11.11", "profile_name": "northwind", "target_name": "dev", "node_id": "model.northwind_transformations.fct_sales"} */


  create or replace view `northwind`.`fct_sales` 
  
    
  
  
    
    
  as (
    with orders as (
    select * from `northwind`.`stg_orders`
),
details as (
    select 
        order_id,
        product_id,
        total_price as line_total_price,
        quantity
    from `northwind`.`stg_order_details`
)

select
    o.order_id,
    o.customer_id,
    o.order_date,
    o.ship_country,
    d.product_id,
    d.line_total_price,
    d.quantity
from orders o
inner join details d on o.order_id = d.order_id
    
  )
      
      
                    -- end_of_sql
                    
                    ...
[0m21:11:47.476017 [debug] [Thread-1 (]: dbt_clickhouse adapter: SQL status: OK in 0.01 seconds
[0m21:11:47.478789 [debug] [Thread-1 (]: Sending event: {'category': 'dbt', 'action': 'run_model', 'label': 'd700a138-2c32-4da1-8811-cdfa2013ac4a', 'context': [<snowplow_tracker.self_describing_json.SelfDescribingJson object at 0x7660a465e790>]}
[0m21:11:47.482718 [info ] [Thread-1 (]: 3 of 3 OK created sql view model `northwind`.`fct_sales` ....................... [[32mOK[0m in 0.16s]
[0m21:11:47.484180 [debug] [Thread-1 (]: Finished running node model.northwind_transformations.fct_sales
[0m21:11:47.490844 [debug] [MainThread]: Connection 'master' was properly closed.
[0m21:11:47.491183 [debug] [MainThread]: Connection 'list_' was left open.
[0m21:11:47.491533 [debug] [MainThread]: On list_: Close
[0m21:11:47.493527 [debug] [MainThread]: Connection 'model.northwind_transformations.fct_sales' was left open.
[0m21:11:47.494056 [debug] [MainThread]: On model.northwind_transformations.fct_sales: Close
[0m21:11:47.494886 [info ] [MainThread]: 
[0m21:11:47.495644 [info ] [MainThread]: Finished running 2 table models, 1 view model in 0 hours 0 minutes and 2.07 seconds (2.07s).
[0m21:11:47.496964 [debug] [MainThread]: Command end result
[0m21:11:47.531151 [debug] [MainThread]: Wrote artifact WritableManifest to /app/northwind_transformations/target/manifest.json
[0m21:11:47.533152 [debug] [MainThread]: Wrote artifact SemanticManifest to /app/northwind_transformations/target/semantic_manifest.json
[0m21:11:47.539474 [debug] [MainThread]: Wrote artifact RunExecutionResult to /app/northwind_transformations/target/run_results.json
[0m21:11:47.539860 [info ] [MainThread]: 
[0m21:11:47.540338 [info ] [MainThread]: [32mCompleted successfully[0m
[0m21:11:47.540698 [info ] [MainThread]: 
[0m21:11:47.541092 [info ] [MainThread]: Done. PASS=3 WARN=0 ERROR=0 SKIP=0 NO-OP=0 TOTAL=3
[0m21:11:47.543962 [debug] [MainThread]: Resource report: {"command_name": "run", "command_success": true, "command_wall_clock_time": 5.5076675, "process_in_blocks": "68480", "process_kernel_time": 0.586789, "process_mem_max_rss": "132584", "process_out_blocks": "3824", "process_user_time": 4.8772}
[0m21:11:47.544719 [debug] [MainThread]: Command `dbt run` succeeded at 21:11:47.544475 after 5.51 seconds
[0m21:11:47.545239 [debug] [MainThread]: Sending event: {'category': 'dbt', 'action': 'invocation', 'label': 'end', 'context': [<snowplow_tracker.self_describing_json.SelfDescribingJson object at 0x7660a72c3110>, <snowplow_tracker.self_describing_json.SelfDescribingJson object at 0x7660a72c3510>, <snowplow_tracker.self_describing_json.SelfDescribingJson object at 0x7660a76a49d0>]}
[0m21:11:47.545772 [debug] [MainThread]: Flushing usage events
[0m21:11:47.691237 [debug] [MainThread]: An error was encountered while trying to flush usage events
[0m21:16:44.731097 [debug] [MainThread]: Sending event: {'category': 'dbt', 'action': 'invocation', 'label': 'start', 'context': [<snowplow_tracker.self_describing_json.SelfDescribingJson object at 0x796173d23bd0>, <snowplow_tracker.self_describing_json.SelfDescribingJson object at 0x796173caed90>, <snowplow_tracker.self_describing_json.SelfDescribingJson object at 0x796173caec50>]}


============================== 21:16:44.745675 | ca2b36b1-6103-4922-89ba-2c50d3fb1591 ==============================
[0m21:16:44.745675 [info ] [MainThread]: Running with dbt=1.11.11
[0m21:16:44.746893 [debug] [MainThread]: running dbt with arguments {'debug': 'False', 'partial_parse': 'True', 'printer_width': '80', 'quiet': 'False', 'static_parser': 'True', 'warn_error': 'None', 'warn_error_options': 'WarnErrorOptionsV2(error=[], warn=[], silence=[])', 'use_experimental_parser': 'False', 'profiles_dir': '.', 'cache_selected_only': 'False', 'send_anonymous_usage_stats': 'True', 'version_check': 'True', 'log_format': 'default', 'empty': 'False', 'log_path': '/app/northwind_transformations/logs', 'target_path': 'None', 'introspect': 'True', 'fail_fast': 'False', 'no_print': 'None', 'log_cache_events': 'False', 'invocation_command': 'dbt run --profiles-dir .', 'write_json': 'True', 'use_colors': 'True', 'indirect_selection': 'eager'}
[0m21:16:44.991950 [debug] [MainThread]: Sending event: {'category': 'dbt', 'action': 'project_id', 'label': 'ca2b36b1-6103-4922-89ba-2c50d3fb1591', 'context': [<snowplow_tracker.self_describing_json.SelfDescribingJson object at 0x796173ce3b10>]}
[0m21:16:45.068060 [debug] [MainThread]: Sending event: {'category': 'dbt', 'action': 'adapter_info', 'label': 'ca2b36b1-6103-4922-89ba-2c50d3fb1591', 'context': [<snowplow_tracker.self_describing_json.SelfDescribingJson object at 0x7961743ba510>]}
[0m21:16:45.070599 [info ] [MainThread]: Registered adapter: clickhouse=1.10.0
[0m21:16:45.322418 [debug] [MainThread]: checksum: 30a8cc8fdcbf66701b0944d4ccce3fa46dd04b61e5df68b9f16d57b2e0e3f0be, vars: {}, profile: , target: , version: 1.11.11
[0m21:16:45.517091 [debug] [MainThread]: Partial parsing enabled: 0 files deleted, 0 files added, 0 files changed.
[0m21:16:45.517774 [debug] [MainThread]: Nothing changed, skipping partial parsing.
[0m21:16:45.518395 [debug] [MainThread]: Partial parsing enabled, no changes found, skipping parsing
[0m21:16:45.558879 [debug] [MainThread]: Sending event: {'category': 'dbt', 'action': 'load_project', 'label': 'ca2b36b1-6103-4922-89ba-2c50d3fb1591', 'context': [<snowplow_tracker.self_describing_json.SelfDescribingJson object at 0x7961736ab190>]}
[0m21:16:45.717027 [debug] [MainThread]: Wrote artifact WritableManifest to /app/northwind_transformations/target/manifest.json
[0m21:16:45.719542 [debug] [MainThread]: Wrote artifact SemanticManifest to /app/northwind_transformations/target/semantic_manifest.json
[0m21:16:45.745415 [debug] [MainThread]: Sending event: {'category': 'dbt', 'action': 'resource_counts', 'label': 'ca2b36b1-6103-4922-89ba-2c50d3fb1591', 'context': [<snowplow_tracker.self_describing_json.SelfDescribingJson object at 0x79617396d3d0>]}
[0m21:16:45.746195 [info ] [MainThread]: Found 3 models, 8 data tests, 523 macros
[0m21:16:45.747024 [debug] [MainThread]: Sending event: {'category': 'dbt', 'action': 'runnable_timing', 'label': 'ca2b36b1-6103-4922-89ba-2c50d3fb1591', 'context': [<snowplow_tracker.self_describing_json.SelfDescribingJson object at 0x79617395b610>]}
[0m21:16:45.749655 [info ] [MainThread]: 
[0m21:16:45.751413 [info ] [MainThread]: Concurrency: 1 threads (target='dev')
[0m21:16:45.752392 [info ] [MainThread]: 
[0m21:16:45.753442 [debug] [MainThread]: Acquiring new clickhouse connection 'master'
[0m21:16:45.763080 [debug] [ThreadPool]: Acquiring new clickhouse connection 'list_'
[0m21:16:45.777877 [debug] [ThreadPool]: Opening a new connection, currently in state init
[0m21:16:46.145640 [debug] [ThreadPool]: dbt_clickhouse adapter: On list_: /* {"app": "dbt", "dbt_version": "1.11.11", "profile_name": "northwind", "target_name": "dev", "connection_name": "list_"} */

    select name from system.databases
  ...
[0m21:16:46.149967 [debug] [ThreadPool]: dbt_clickhouse adapter: SQL status: OK in 0.00 seconds
[0m21:16:46.218667 [debug] [ThreadPool]: Re-using an available connection from the pool (formerly list_, now list__northwind)
[0m21:16:46.231969 [debug] [ThreadPool]: dbt_clickhouse adapter: On list__northwind: /* {"app": "dbt", "dbt_version": "1.11.11", "profile_name": "northwind", "target_name": "dev", "connection_name": "list__northwind"} */
with mv_sources as (
      -- Find all MVs and their target tables (database and name of the MV, plus the SELECT SQL)
      select
        name as mv_name,
        database as mv_database,
        any(as_select) as mv_sql,
        any(replaceRegexpOne(create_table_query, '.*TO\\s+`?([^`\\s(]+)`?\\.`?([^`\\s(]+)`?.*', '\\1.\\2')) as target_fqn
      
      from system.tables
      
      where engine = 'MaterializedView'
        and create_table_query like '%TO %'
      group by mv_name, mv_database
    )
    select
      t.name as name,
      t.database as schema,
      multiIf(
        t.engine = 'MaterializedView', 'materialized_view',
        t.engine = 'View', 'view',
        t.engine = 'Dictionary', 'dictionary',
        'table'
      ) as type,
      db.engine as db_engine,
      groupArrayIf(
        map('schema', mv_sources.mv_database, 'name', mv_sources.mv_name, 'sql', mv_sources.mv_sql),
        mv_sources.mv_name != ''
      ) as mvs_pointing_to_it,0 as is_on_cluster
        from system.tables as t
      
        join system.databases as db on t.database = db.name
        left join mv_sources on mv_sources.target_fqn = concat(t.database, '.', t.name)
      where schema = 'northwind'
      group by name, schema, type, db_engine

  ...
[0m21:16:46.604665 [debug] [ThreadPool]: dbt_clickhouse adapter: SQL status: OK in 0.37 seconds
[0m21:16:46.610922 [debug] [MainThread]: Sending event: {'category': 'dbt', 'action': 'runnable_timing', 'label': 'ca2b36b1-6103-4922-89ba-2c50d3fb1591', 'context': [<snowplow_tracker.self_describing_json.SelfDescribingJson object at 0x796172939790>]}
[0m21:16:46.615682 [debug] [Thread-1 (]: Began running node model.northwind_transformations.stg_order_details
[0m21:16:46.616561 [info ] [Thread-1 (]: 1 of 3 START sql table model `northwind`.`stg_order_details` ................... [RUN]
[0m21:16:46.617731 [debug] [Thread-1 (]: Re-using an available connection from the pool (formerly list__northwind, now model.northwind_transformations.stg_order_details)
[0m21:16:46.618705 [debug] [Thread-1 (]: Began compiling node model.northwind_transformations.stg_order_details
[0m21:16:46.626410 [debug] [Thread-1 (]: Writing injected SQL for node "model.northwind_transformations.stg_order_details"
[0m21:16:46.627429 [debug] [Thread-1 (]: Began executing node model.northwind_transformations.stg_order_details
[0m21:16:46.720318 [debug] [Thread-1 (]: dbt_clickhouse adapter: On model.northwind_transformations.stg_order_details: /* {"app": "dbt", "dbt_version": "1.11.11", "profile_name": "northwind", "target_name": "dev", "node_id": "model.northwind_transformations.stg_order_details"} */

            

    
        create table `northwind`.`stg_order_details__dbt_backup`
        
  
        
  engine = MergeTree()
        
      order by (tuple())
        
        
        
        
                    -- end_of_sql
                    SETTINGS replicated_deduplication_window='0'

                    
            empty
          as (
            with raw_data as (
    select
        JSONExtractInt(data, 'order_id') as order_id,
        JSONExtractInt(data, 'product_id') as product_id,
        JSONExtractFloat(data, 'unit_price') as unit_price,
        JSONExtractInt(data, 'quantity') as quantity,
        JSONExtractFloat(data, 'discount') as discount
    from northwind.ingestion
    where tag = 'northwind_order_details.csv'
)

select
    order_id,
    product_id,
    unit_price,
    quantity,
    discount,
    (unit_price * quantity) * (1 - discount) as total_price
from raw_data
          )
        
        ...
[0m21:16:46.800220 [debug] [Thread-1 (]: dbt_clickhouse adapter: SQL status: OK in 0.08 seconds
[0m21:16:46.833198 [debug] [Thread-1 (]: dbt_clickhouse adapter: On model.northwind_transformations.stg_order_details: /* {"app": "dbt", "dbt_version": "1.11.11", "profile_name": "northwind", "target_name": "dev", "node_id": "model.northwind_transformations.stg_order_details"} */

    select name, type from system.columns where table = 'stg_order_details__dbt_backup'
    
      
        and database = 'northwind'
      
    
    order by position
  ...
[0m21:16:46.888438 [debug] [Thread-1 (]: dbt_clickhouse adapter: SQL status: OK in 0.05 seconds
[0m21:16:46.897818 [debug] [Thread-1 (]: Writing runtime sql for node "model.northwind_transformations.stg_order_details"
[0m21:16:46.899947 [debug] [Thread-1 (]: dbt_clickhouse adapter: On model.northwind_transformations.stg_order_details: /* {"app": "dbt", "dbt_version": "1.11.11", "profile_name": "northwind", "target_name": "dev", "node_id": "model.northwind_transformations.stg_order_details"} */

  
    
    
    
        
         


        
  

  insert into `northwind`.`stg_order_details__dbt_backup`
        ("order_id", "product_id", "unit_price", "quantity", "discount", "total_price")with raw_data as (
    select
        JSONExtractInt(data, 'order_id') as order_id,
        JSONExtractInt(data, 'product_id') as product_id,
        JSONExtractFloat(data, 'unit_price') as unit_price,
        JSONExtractInt(data, 'quantity') as quantity,
        JSONExtractFloat(data, 'discount') as discount
    from northwind.ingestion
    where tag = 'northwind_order_details.csv'
)

select
    order_id,
    product_id,
    unit_price,
    quantity,
    discount,
    (unit_price * quantity) * (1 - discount) as total_price
from raw_data
  ...
[0m21:16:47.105941 [debug] [Thread-1 (]: dbt_clickhouse adapter: SQL status: OK in 0.20 seconds
[0m21:16:47.113981 [debug] [Thread-1 (]: dbt_clickhouse adapter: On model.northwind_transformations.stg_order_details: /* {"app": "dbt", "dbt_version": "1.11.11", "profile_name": "northwind", "target_name": "dev", "node_id": "model.northwind_transformations.stg_order_details"} */
EXCHANGE TABLES `northwind`.`stg_order_details__dbt_backup` AND `northwind`.`stg_order_details` 
  
  ...
[0m21:16:47.117988 [debug] [Thread-1 (]: dbt_clickhouse adapter: SQL status: OK in 0.00 seconds
[0m21:16:47.154390 [debug] [Thread-1 (]: dbt_clickhouse adapter: On model.northwind_transformations.stg_order_details: /* {"app": "dbt", "dbt_version": "1.11.11", "profile_name": "northwind", "target_name": "dev", "node_id": "model.northwind_transformations.stg_order_details"} */
drop table if exists `northwind`.`stg_order_details__dbt_backup` 
  ...
[0m21:16:47.168345 [debug] [Thread-1 (]: dbt_clickhouse adapter: SQL status: OK in 0.01 seconds
[0m21:16:47.174817 [debug] [Thread-1 (]: Sending event: {'category': 'dbt', 'action': 'run_model', 'label': 'ca2b36b1-6103-4922-89ba-2c50d3fb1591', 'context': [<snowplow_tracker.self_describing_json.SelfDescribingJson object at 0x796173ef0b10>]}
[0m21:16:47.176025 [info ] [Thread-1 (]: 1 of 3 OK created sql table model `northwind`.`stg_order_details` .............. [[32mOK[0m in 0.56s]
[0m21:16:47.177305 [debug] [Thread-1 (]: Finished running node model.northwind_transformations.stg_order_details
[0m21:16:47.178154 [debug] [Thread-1 (]: Began running node model.northwind_transformations.stg_orders
[0m21:16:47.179247 [info ] [Thread-1 (]: 2 of 3 START sql table model `northwind`.`stg_orders` .......................... [RUN]
[0m21:16:47.180222 [debug] [Thread-1 (]: Re-using an available connection from the pool (formerly model.northwind_transformations.stg_order_details, now model.northwind_transformations.stg_orders)
[0m21:16:47.181018 [debug] [Thread-1 (]: Began compiling node model.northwind_transformations.stg_orders
[0m21:16:47.185370 [debug] [Thread-1 (]: Writing injected SQL for node "model.northwind_transformations.stg_orders"
[0m21:16:47.186720 [debug] [Thread-1 (]: Began executing node model.northwind_transformations.stg_orders
[0m21:16:47.191022 [debug] [Thread-1 (]: dbt_clickhouse adapter: On model.northwind_transformations.stg_orders: /* {"app": "dbt", "dbt_version": "1.11.11", "profile_name": "northwind", "target_name": "dev", "node_id": "model.northwind_transformations.stg_orders"} */

            

    
        create table `northwind`.`stg_orders__dbt_backup`
        
  
        
  engine = MergeTree()
        
      order by (tuple())
        
        
        
        
                    -- end_of_sql
                    SETTINGS replicated_deduplication_window='0'

                    
            empty
          as (
            with raw_data as (
    select
        JSONExtractString(data, 'order_id') as order_id,
        JSONExtractString(data, 'customer_id') as customer_id,
        JSONExtractInt(data, 'employee_id') as employee_id,
        JSONExtractString(data, 'order_date') as order_date,
        JSONExtractFloat(data, 'freight') as freight,
        JSONExtractString(data, 'ship_country') as ship_country
    from northwind.ingestion
    where tag = 'northwind_orders.csv'
)

select
    toInt64(order_id) as order_id,
    customer_id,
    employee_id,
    toDate(order_date) as order_date,
    freight,
    ship_country
from raw_data
          )
        
        ...
[0m21:16:47.212758 [debug] [Thread-1 (]: dbt_clickhouse adapter: SQL status: OK in 0.02 seconds
[0m21:16:47.216507 [debug] [Thread-1 (]: dbt_clickhouse adapter: On model.northwind_transformations.stg_orders: /* {"app": "dbt", "dbt_version": "1.11.11", "profile_name": "northwind", "target_name": "dev", "node_id": "model.northwind_transformations.stg_orders"} */

    select name, type from system.columns where table = 'stg_orders__dbt_backup'
    
      
        and database = 'northwind'
      
    
    order by position
  ...
[0m21:16:47.220400 [debug] [Thread-1 (]: dbt_clickhouse adapter: SQL status: OK in 0.00 seconds
[0m21:16:47.222441 [debug] [Thread-1 (]: Writing runtime sql for node "model.northwind_transformations.stg_orders"
[0m21:16:47.225255 [debug] [Thread-1 (]: dbt_clickhouse adapter: On model.northwind_transformations.stg_orders: /* {"app": "dbt", "dbt_version": "1.11.11", "profile_name": "northwind", "target_name": "dev", "node_id": "model.northwind_transformations.stg_orders"} */

  
    
    
    
        
         


        
  

  insert into `northwind`.`stg_orders__dbt_backup`
        ("order_id", "customer_id", "employee_id", "order_date", "freight", "ship_country")with raw_data as (
    select
        JSONExtractString(data, 'order_id') as order_id,
        JSONExtractString(data, 'customer_id') as customer_id,
        JSONExtractInt(data, 'employee_id') as employee_id,
        JSONExtractString(data, 'order_date') as order_date,
        JSONExtractFloat(data, 'freight') as freight,
        JSONExtractString(data, 'ship_country') as ship_country
    from northwind.ingestion
    where tag = 'northwind_orders.csv'
)

select
    toInt64(order_id) as order_id,
    customer_id,
    employee_id,
    toDate(order_date) as order_date,
    freight,
    ship_country
from raw_data
  ...
[0m21:16:47.256355 [debug] [Thread-1 (]: dbt_clickhouse adapter: SQL status: OK in 0.03 seconds
[0m21:16:47.258030 [debug] [Thread-1 (]: dbt_clickhouse adapter: On model.northwind_transformations.stg_orders: /* {"app": "dbt", "dbt_version": "1.11.11", "profile_name": "northwind", "target_name": "dev", "node_id": "model.northwind_transformations.stg_orders"} */
EXCHANGE TABLES `northwind`.`stg_orders__dbt_backup` AND `northwind`.`stg_orders` 
  
  ...
[0m21:16:47.263002 [debug] [Thread-1 (]: dbt_clickhouse adapter: SQL status: OK in 0.00 seconds
[0m21:16:47.269896 [debug] [Thread-1 (]: dbt_clickhouse adapter: On model.northwind_transformations.stg_orders: /* {"app": "dbt", "dbt_version": "1.11.11", "profile_name": "northwind", "target_name": "dev", "node_id": "model.northwind_transformations.stg_orders"} */
drop table if exists `northwind`.`stg_orders__dbt_backup` 
  ...
[0m21:16:47.272586 [debug] [Thread-1 (]: dbt_clickhouse adapter: SQL status: OK in 0.00 seconds
[0m21:16:47.274506 [debug] [Thread-1 (]: Sending event: {'category': 'dbt', 'action': 'run_model', 'label': 'ca2b36b1-6103-4922-89ba-2c50d3fb1591', 'context': [<snowplow_tracker.self_describing_json.SelfDescribingJson object at 0x796172938e50>]}
[0m21:16:47.275394 [info ] [Thread-1 (]: 2 of 3 OK created sql table model `northwind`.`stg_orders` ..................... [[32mOK[0m in 0.09s]
[0m21:16:47.276488 [debug] [Thread-1 (]: Finished running node model.northwind_transformations.stg_orders
[0m21:16:47.278345 [debug] [Thread-1 (]: Began running node model.northwind_transformations.fct_sales
[0m21:16:47.278995 [info ] [Thread-1 (]: 3 of 3 START sql view model `northwind`.`fct_sales` ............................ [RUN]
[0m21:16:47.280205 [debug] [Thread-1 (]: Re-using an available connection from the pool (formerly model.northwind_transformations.stg_orders, now model.northwind_transformations.fct_sales)
[0m21:16:47.280792 [debug] [Thread-1 (]: Began compiling node model.northwind_transformations.fct_sales
[0m21:16:47.285061 [debug] [Thread-1 (]: Writing injected SQL for node "model.northwind_transformations.fct_sales"
[0m21:16:47.286956 [debug] [Thread-1 (]: Began executing node model.northwind_transformations.fct_sales
[0m21:16:47.300195 [debug] [Thread-1 (]: Relation fct_sales already exists, replacing it
[0m21:16:47.314286 [debug] [Thread-1 (]: Model mvs to replace ['fct_sales_mv']
[0m21:16:47.317332 [debug] [Thread-1 (]: dbt_clickhouse adapter: On model.northwind_transformations.fct_sales: /* {"app": "dbt", "dbt_version": "1.11.11", "profile_name": "northwind", "target_name": "dev", "node_id": "model.northwind_transformations.fct_sales"} */

    
    select name
    from system.tables
    where engine = 'MaterializedView'
      and extract(create_table_query, 'TO\\s+([^\\s(]+)') = 'northwind.fct_sales'
  
  ...
[0m21:16:47.323599 [debug] [Thread-1 (]: dbt_clickhouse adapter: SQL status: OK in 0.01 seconds
[0m21:16:47.345035 [debug] [Thread-1 (]: Writing runtime sql for node "model.northwind_transformations.fct_sales"
[0m21:16:47.346947 [debug] [Thread-1 (]: dbt_clickhouse adapter: On model.northwind_transformations.fct_sales: /* {"app": "dbt", "dbt_version": "1.11.11", "profile_name": "northwind", "target_name": "dev", "node_id": "model.northwind_transformations.fct_sales"} */


  create or replace view `northwind`.`fct_sales` 
  
    
  
  
    
    
  as (
    with orders as (
    select * from `northwind`.`stg_orders`
),
details as (
    select 
        order_id,
        product_id,
        total_price as line_total_price,
        quantity
    from `northwind`.`stg_order_details`
)

select
    o.order_id,
    o.customer_id,
    o.order_date,
    o.ship_country,
    d.product_id,
    d.line_total_price,
    d.quantity
from orders o
inner join details d on o.order_id = d.order_id
    
  )
      
      
                    -- end_of_sql
                    
                    ...
[0m21:16:47.355455 [debug] [Thread-1 (]: dbt_clickhouse adapter: SQL status: OK in 0.01 seconds
[0m21:16:47.358811 [debug] [Thread-1 (]: Sending event: {'category': 'dbt', 'action': 'run_model', 'label': 'ca2b36b1-6103-4922-89ba-2c50d3fb1591', 'context': [<snowplow_tracker.self_describing_json.SelfDescribingJson object at 0x79617280cc90>]}
[0m21:16:47.359674 [info ] [Thread-1 (]: 3 of 3 OK created sql view model `northwind`.`fct_sales` ....................... [[32mOK[0m in 0.08s]
[0m21:16:47.361036 [debug] [Thread-1 (]: Finished running node model.northwind_transformations.fct_sales
[0m21:16:47.362555 [debug] [MainThread]: Connection 'master' was properly closed.
[0m21:16:47.363031 [debug] [MainThread]: Connection 'model.northwind_transformations.fct_sales' was left open.
[0m21:16:47.363512 [debug] [MainThread]: On model.northwind_transformations.fct_sales: Close
[0m21:16:47.364254 [info ] [MainThread]: 
[0m21:16:47.364843 [info ] [MainThread]: Finished running 2 table models, 1 view model in 0 hours 0 minutes and 1.61 seconds (1.61s).
[0m21:16:47.366453 [debug] [MainThread]: Command end result
[0m21:16:47.426446 [debug] [MainThread]: Wrote artifact WritableManifest to /app/northwind_transformations/target/manifest.json
[0m21:16:47.430082 [debug] [MainThread]: Wrote artifact SemanticManifest to /app/northwind_transformations/target/semantic_manifest.json
[0m21:16:47.438713 [debug] [MainThread]: Wrote artifact RunExecutionResult to /app/northwind_transformations/target/run_results.json
[0m21:16:47.439328 [info ] [MainThread]: 
[0m21:16:47.441036 [info ] [MainThread]: [32mCompleted successfully[0m
[0m21:16:47.442469 [info ] [MainThread]: 
[0m21:16:47.443799 [info ] [MainThread]: Done. PASS=3 WARN=0 ERROR=0 SKIP=0 NO-OP=0 TOTAL=3
[0m21:16:47.447950 [debug] [MainThread]: Resource report: {"command_name": "run", "command_success": true, "command_wall_clock_time": 2.7956357, "process_in_blocks": "73040", "process_kernel_time": 0.578318, "process_mem_max_rss": "127148", "process_out_blocks": "2640", "process_user_time": 3.34073}
[0m21:16:47.449174 [debug] [MainThread]: Command `dbt run` succeeded at 21:16:47.448955 after 2.80 seconds
[0m21:16:47.450262 [debug] [MainThread]: Sending event: {'category': 'dbt', 'action': 'invocation', 'label': 'end', 'context': [<snowplow_tracker.self_describing_json.SelfDescribingJson object at 0x796173caed90>, <snowplow_tracker.self_describing_json.SelfDescribingJson object at 0x796173d5ff90>, <snowplow_tracker.self_describing_json.SelfDescribingJson object at 0x796173d04b50>]}
[0m21:16:47.450987 [debug] [MainThread]: Flushing usage events
[0m21:16:47.635798 [debug] [MainThread]: An error was encountered while trying to flush usage events
